DeviceName,PTPTime,UnixTime,DistanceMM,DistanceCM,Weight,Count,DistanceADC,WeightADC,DeviceName(Current)
DEVICE,1642572346621,1642572346458,799,79,0,0,0,0,DKU006#
DEVICE,1642572346653,1642572346490,812,81,0,0,0,0,DKU006#
DEVICE,1642572346685,1642572346522,811,81,0,0,0,0,DKU006#
DEVICE,1642572346717,1642572346554,796,79,0,0,0,0,DKU006#
DEVICE,1642572346748,1642572346585,800,80,0,0,0,0,DKU006#
DEVICE,1642572346781,1642572346618,795,79,0,0,0,0,DKU006#
DEVICE,1642572346812,1642572346649,844,84,0,0,0,0,DKU006#
DEVICE,1642572346844,1642572346681,787,78,0,0,0,0,DKU006#
DEVICE,1642572346876,1642572346713,793,79,0,0,0,0,DKU006#
DEVICE,1642572346908,1642572346745,807,80,0,0,0,0,DKU006#
DEVICE,1642572346940,1642572346777,796,79,0,0,0,0,DKU006#
DEVICE,1642572346972,1642572346809,790,79,0,0,0,0,DKU006#
DEVICE,1642572347004,1642572346841,796,79,0,0,0,0,DKU006#
DEVICE,1642572347036,1642572346873,788,78,0,0,0,0,DKU006#
DEVICE,1642572347068,1642572346905,799,79,0,0,0,0,DKU006#
DEVICE,1642572347100,1642572346937,790,79,0,0,0,0,DKU006#
DEVICE,1642572347132,1642572346969,790,79,0,0,0,0,DKU006#
DEVICE,1642572347164,1642572347001,821,82,0,0,0,0,DKU006#
DEVICE,1642572347180,1642572347017,799,79,0,0,0,0,DKU006#
DEVICE,1642572347228,1642572347065,801,80,0,0,0,0,DKU006#
DEVICE,1642572347244,1642572347081,821,82,0,0,0,0,DKU006#
DEVICE,1642572347292,1642572347129,791,79,0,0,0,0,DKU006#
DEVICE,1642572347308,1642572347145,794,79,0,0,0,0,DKU006#
DEVICE,1642572347340,1642572347177,816,81,0,0,0,0,DKU006#
DEVICE,1642572347372,1642572347209,780,78,0,0,0,0,DKU006#
DEVICE,1642572347404,1642572347241,792,79,0,0,0,0,DKU006#
DEVICE,1642572347437,1642572347274,801,80,0,0,0,0,DKU006#
DEVICE,1642572347468,1642572347305,820,82,0,0,0,0,DKU006#
DEVICE,1642572347500,1642572347337,790,79,0,0,0,0,DKU006#
DEVICE,1642572347532,1642572347369,799,79,0,0,0,0,DKU006#
DEVICE,1642572347564,1642572347401,804,80,0,0,0,0,DKU006#
DEVICE,1642572347613,1642572347450,820,82,0,0,36000,0,DKU006#
DEVICE,1642572347628,1642572347465,806,80,0,0,36000,0,DKU006#
DEVICE,1642572347660,1642572347497,796,79,0,0,36000,0,DKU006#
DEVICE,1642572347692,1642572347529,797,79,0,0,36000,0,DKU006#
DEVICE,1642572347724,1642572347561,807,80,0,0,36000,0,DKU006#
DEVICE,1642572347756,1642572347593,778,77,0,0,36000,0,DKU006#
DEVICE,1642572347788,1642572347625,798,79,0,0,36000,0,DKU006#
DEVICE,1642572347820,1642572347657,805,80,0,0,36000,0,DKU006#
DEVICE,1642572347852,1642572347689,816,81,0,0,36000,0,DKU006#
DEVICE,1642572347884,1642572347721,791,79,0,0,36000,0,DKU006#
DEVICE,1642572347915,1642572347752,785,78,0,0,36000,0,DKU006#
DEVICE,1642572347947,1642572347784,795,79,0,0,36000,0,DKU006#
DEVICE,1642572347980,1642572347817,808,80,0,0,36000,0,DKU006#
DEVICE,1642572348012,1642572347849,798,79,0,0,36000,0,DKU006#
DEVICE,1642572348044,1642572347881,796,79,0,0,36000,0,DKU006#
DEVICE,1642572348075,1642572347912,793,79,0,0,36000,0,DKU006#
DEVICE,1642572348108,1642572347945,789,78,0,0,36000,0,DKU006#
DEVICE,1642572348139,1642572347976,806,80,0,0,36000,0,DKU006#
DEVICE,1642572348171,1642572348008,794,79,0,0,36000,0,DKU006#
DEVICE,1642572348203,1642572348040,800,80,0,0,36000,0,DKU006#
DEVICE,1642572348235,1642572348072,800,80,0,0,36000,0,DKU006#
DEVICE,1642572348267,1642572348104,798,79,0,0,36000,0,DKU006#
DEVICE,1642572348299,1642572348136,805,80,0,0,36000,0,DKU006#
DEVICE,1642572348331,1642572348168,797,79,0,0,36000,0,DKU006#
DEVICE,1642572348363,1642572348200,781,78,0,0,36000,0,DKU006#
DEVICE,1642572348395,1642572348232,779,77,0,0,36000,0,DKU006#
DEVICE,1642572348427,1642572348264,793,79,0,0,36000,0,DKU006#
DEVICE,1642572348459,1642572348296,799,79,0,0,36000,0,DKU006#
DEVICE,1642572348491,1642572348328,809,80,0,0,36000,0,DKU006#
DEVICE,1642572348523,1642572348360,785,78,0,0,36000,0,DKU006#
DEVICE,1642572348555,1642572348392,800,80,0,0,36000,0,DKU006#
DEVICE,1642572348604,1642572348441,810,81,0,0,35987,0,DKU006#
DEVICE,1642572348619,1642572348456,792,79,0,0,35987,0,DKU006#
DEVICE,1642572348651,1642572348488,805,80,0,0,35987,0,DKU006#
DEVICE,1642572348683,1642572348520,802,80,0,0,35987,0,DKU006#
DEVICE,1642572348715,1642572348552,804,80,0,0,35987,0,DKU006#
DEVICE,1642572348747,1642572348584,794,79,0,0,35987,0,DKU006#
DEVICE,1642572348779,1642572348616,825,82,0,0,35987,0,DKU006#
DEVICE,1642572348811,1642572348648,805,80,0,0,35987,0,DKU006#
DEVICE,1642572348843,1642572348680,810,81,0,0,35987,0,DKU006#
DEVICE,1642572348875,1642572348712,818,81,0,0,35987,0,DKU006#
DEVICE,1642572348907,1642572348744,792,79,0,0,35987,0,DKU006#
DEVICE,1642572348939,1642572348776,787,78,0,0,35987,0,DKU006#
DEVICE,1642572348971,1642572348808,806,80,0,0,35987,0,DKU006#
DEVICE,1642572349003,1642572348840,810,81,0,0,35987,0,DKU006#
DEVICE,1642572349034,1642572348871,798,79,0,0,35987,0,DKU006#
DEVICE,1642572349066,1642572348903,805,80,0,0,35987,0,DKU006#
DEVICE,1642572349098,1642572348935,799,79,0,0,35987,0,DKU006#
DEVICE,1642572349131,1642572348968,791,79,0,0,35987,0,DKU006#
DEVICE,1642572349163,1642572349000,780,78,0,0,35987,0,DKU006#
DEVICE,1642572349195,1642572349032,785,78,0,0,35987,0,DKU006#
DEVICE,1642572349226,1642572349063,796,79,0,0,35987,0,DKU006#
DEVICE,1642572349258,1642572349095,803,80,0,0,35987,0,DKU006#
DEVICE,1642572349290,1642572349127,796,79,0,0,35987,0,DKU006#
DEVICE,1642572349322,1642572349159,796,79,0,0,35987,0,DKU006#
DEVICE,1642572349354,1642572349191,821,82,0,0,35987,0,DKU006#
DEVICE,1642572349386,1642572349223,791,79,0,0,35987,0,DKU006#
DEVICE,1642572349418,1642572349255,800,80,0,0,35987,0,DKU006#
DEVICE,1642572349450,1642572349287,803,80,0,0,35987,0,DKU006#
DEVICE,1642572349482,1642572349319,804,80,0,0,35987,0,DKU006#
DEVICE,1642572349514,1642572349351,809,80,0,0,35987,0,DKU006#
DEVICE,1642572349546,1642572349383,799,79,0,0,35987,0,DKU006#
DEVICE,1642572349578,1642572349415,800,80,0,0,35987,0,DKU006#
DEVICE,1642572349626,1642572349463,802,80,0,0,35987,0,DKU006#
DEVICE,1642572349642,1642572349479,819,81,0,0,35987,0,DKU006#
DEVICE,1642572349674,1642572349511,792,79,0,0,35987,0,DKU006#
DEVICE,1642572349706,1642572349543,813,81,0,0,35987,0,DKU006#
DEVICE,1642572349738,1642572349575,800,80,0,0,35987,0,DKU006#
DEVICE,1642572349770,1642572349607,792,79,0,0,35987,0,DKU006#
DEVICE,1642572349802,1642572349639,800,80,0,0,35987,0,DKU006#
DEVICE,1642572349834,1642572349671,809,80,0,0,35987,0,DKU006#
DEVICE,1642572349866,1642572349703,809,80,0,0,35987,0,DKU006#
DEVICE,1642572349898,1642572349735,802,80,0,0,35987,0,DKU006#
DEVICE,1642572349930,1642572349767,802,80,0,0,35987,0,DKU006#
DEVICE,1642572349962,1642572349799,769,76,0,0,35987,0,DKU006#
DEVICE,1642572349994,1642572349831,761,76,0,0,35987,0,DKU006#
DEVICE,1642572350026,1642572349863,771,77,0,0,35987,0,DKU006#
DEVICE,1642572350058,1642572349895,751,75,0,0,35987,0,DKU006#
DEVICE,1642572350090,1642572349927,750,75,0,0,35987,0,DKU006#
DEVICE,1642572350121,1642572349958,722,72,0,0,35987,0,DKU006#
DEVICE,1642572350153,1642572349990,718,71,5,0,35987,0,DKU006#
DEVICE,1642572350185,1642572350022,726,72,5,0,35987,0,DKU006#
DEVICE,1642572350217,1642572350054,704,70,5,0,35987,0,DKU006#
DEVICE,1642572350249,1642572350086,679,67,5,0,35987,0,DKU006#
DEVICE,1642572350281,1642572350118,661,66,5,0,35987,0,DKU006#
DEVICE,1642572350314,1642572350151,653,65,5,0,35987,0,DKU006#
DEVICE,1642572350346,1642572350183,632,63,5,0,35987,0,DKU006#
DEVICE,1642572350377,1642572350214,628,62,5,0,35987,0,DKU006#
DEVICE,1642572350409,1642572350246,643,64,5,0,35987,0,DKU006#
DEVICE,1642572350441,1642572350278,618,61,5,0,35987,0,DKU006#
DEVICE,1642572350473,1642572350310,649,64,5,0,35987,0,DKU006#
DEVICE,1642572350505,1642572350342,647,64,5,0,35987,0,DKU006#
DEVICE,1642572350537,1642572350374,633,63,5,0,35987,0,DKU006#
DEVICE,1642572350569,1642572350406,641,64,5,0,35987,0,DKU006#
DEVICE,1642572350601,1642572350438,664,66,5,0,35987,0,DKU006#
DEVICE,1642572350634,1642572350471,653,65,5,0,35987,0,DKU006#
DEVICE,1642572350665,1642572350502,689,68,5,0,35987,0,DKU006#
DEVICE,1642572350697,1642572350534,719,71,5,0,35987,0,DKU006#
DEVICE,1642572350729,1642572350566,732,73,5,0,35987,0,DKU006#
DEVICE,1642572350761,1642572350598,757,75,0,0,35987,0,DKU006#
DEVICE,1642572350793,1642572350630,760,76,0,0,35987,0,DKU006#
DEVICE,1642572350825,1642572350662,762,76,0,0,35987,0,DKU006#
DEVICE,1642572350857,1642572350694,772,77,0,0,35987,0,DKU006#
DEVICE,1642572350889,1642572350726,756,75,0,0,35987,0,DKU006#
DEVICE,1642572350921,1642572350758,713,71,0,0,35987,0,DKU006#
DEVICE,1642572350953,1642572350790,652,65,5,0,35987,0,DKU006#
DEVICE,1642572350985,1642572350822,601,60,5,0,35987,0,DKU006#
DEVICE,1642572351017,1642572350854,607,60,5,0,35987,0,DKU006#
DEVICE,1642572351049,1642572350886,543,54,5,1,35987,0,DKU006#
DEVICE,1642572351080,1642572350917,596,59,5,1,35987,0,DKU006#
DEVICE,1642572351113,1642572350950,558,55,5,1,35987,0,DKU006#
DEVICE,1642572351145,1642572350982,580,58,5,1,35987,0,DKU006#
DEVICE,1642572351177,1642572351014,565,56,5,1,35987,0,DKU006#
DEVICE,1642572351208,1642572351045,582,58,5,1,35987,0,DKU006#
DEVICE,1642572351241,1642572351078,606,60,5,1,35987,0,DKU006#
DEVICE,1642572351272,1642572351109,582,58,5,1,35987,0,DKU006#
DEVICE,1642572351304,1642572351141,572,57,5,1,35987,0,DKU006#
DEVICE,1642572351336,1642572351173,590,59,5,1,35987,0,DKU006#
DEVICE,1642572351368,1642572351205,570,57,5,1,35987,0,DKU006#
DEVICE,1642572351400,1642572351237,569,56,5,1,35987,0,DKU006#
DEVICE,1642572351432,1642572351269,591,59,5,1,35987,0,DKU006#
DEVICE,1642572351464,1642572351301,567,56,5,1,35987,0,DKU006#
DEVICE,1642572351496,1642572351333,580,58,5,1,35987,0,DKU006#
DEVICE,1642572351528,1642572351365,594,59,5,1,35987,0,DKU006#
DEVICE,1642572351560,1642572351397,590,59,5,1,35987,0,DKU006#
DEVICE,1642572351592,1642572351429,584,58,5,1,35987,0,DKU006#
DEVICE,1642572351624,1642572351461,595,59,5,1,35987,0,DKU006#
DEVICE,1642572351656,1642572351493,624,62,5,1,35987,0,DKU006#
DEVICE,1642572351688,1642572351525,735,73,5,1,35987,0,DKU006#
DEVICE,1642572351720,1642572351557,760,76,0,1,35987,0,DKU006#
DEVICE,1642572351752,1642572351589,778,77,0,1,35987,0,DKU006#
DEVICE,1642572351784,1642572351621,789,78,0,1,35987,0,DKU006#
DEVICE,1642572351816,1642572351653,808,80,0,1,35987,0,DKU006#
DEVICE,1642572351848,1642572351685,816,81,0,1,35987,0,DKU006#
DEVICE,1642572351880,1642572351717,809,80,0,1,35987,0,DKU006#
DEVICE,1642572351912,1642572351749,791,79,0,1,35987,0,DKU006#
DEVICE,1642572351944,1642572351781,813,81,0,1,35987,0,DKU006#
DEVICE,1642572351976,1642572351813,809,80,0,1,35987,0,DKU006#
DEVICE,1642572352008,1642572351845,808,80,0,1,35987,0,DKU006#
DEVICE,1642572352040,1642572351877,805,80,0,1,35987,0,DKU006#
DEVICE,1642572352072,1642572351909,810,81,0,1,35987,0,DKU006#
DEVICE,1642572352103,1642572351940,798,79,0,1,35987,0,DKU006#
DEVICE,1642572352136,1642572351973,783,78,0,1,35987,0,DKU006#
DEVICE,1642572352168,1642572352005,799,79,0,1,35987,0,DKU006#
DEVICE,1642572352200,1642572352037,809,80,0,1,35987,0,DKU006#
DEVICE,1642572352231,1642572352068,789,78,0,1,35987,0,DKU006#
DEVICE,1642572352264,1642572352101,790,79,0,1,35987,0,DKU006#
DEVICE,1642572352296,1642572352133,792,79,0,1,35987,0,DKU006#
DEVICE,1642572352328,1642572352165,808,80,0,1,35987,0,DKU006#
DEVICE,1642572352360,1642572352197,782,78,0,1,35987,0,DKU006#
DEVICE,1642572352392,1642572352229,799,79,0,1,35987,0,DKU006#
DEVICE,1642572352423,1642572352260,792,79,0,1,35987,0,DKU006#
DEVICE,1642572352455,1642572352292,801,80,0,1,35987,0,DKU006#
DEVICE,1642572352487,1642572352324,799,79,0,1,35987,0,DKU006#
DEVICE,1642572352519,1642572352356,791,79,0,1,35987,0,DKU006#
DEVICE,1642572352551,1642572352388,789,78,0,1,35987,0,DKU006#
DEVICE,1642572352583,1642572352420,787,78,0,1,35987,0,DKU006#
DEVICE,1642572352615,1642572352452,806,80,0,1,35987,0,DKU006#
DEVICE,1642572352647,1642572352484,801,80,0,1,35987,0,DKU006#
DEVICE,1642572352679,1642572352516,784,78,0,1,35987,0,DKU006#
DEVICE,1642572352727,1642572352564,800,80,0,1,36000,0,DKU006#
DEVICE,1642572352743,1642572352580,792,79,0,1,36000,0,DKU006#
DEVICE,1642572352775,1642572352612,807,80,0,1,36000,0,DKU006#
DEVICE,1642572352807,1642572352644,795,79,0,1,36000,0,DKU006#
DEVICE,1642572352839,1642572352676,790,79,0,1,36000,0,DKU006#
DEVICE,1642572352871,1642572352708,806,80,0,1,36000,0,DKU006#
DEVICE,1642572352903,1642572352740,795,79,0,1,36000,0,DKU006#
DEVICE,1642572352935,1642572352772,788,78,0,1,36000,0,DKU006#
DEVICE,1642572352967,1642572352804,789,78,0,1,36000,0,DKU006#
DEVICE,1642572352999,1642572352836,796,79,0,1,36000,0,DKU006#
DEVICE,1642572353031,1642572352868,815,81,0,1,36000,0,DKU006#
DEVICE,1642572353063,1642572352900,787,78,0,1,36000,0,DKU006#
DEVICE,1642572353095,1642572352932,808,80,0,1,36000,0,DKU006#
DEVICE,1642572353127,1642572352964,785,78,0,1,36000,0,DKU006#
DEVICE,1642572353159,1642572352996,797,79,0,1,36000,0,DKU006#
DEVICE,1642572353191,1642572353028,810,81,0,1,36000,0,DKU006#
DEVICE,1642572353223,1642572353060,790,79,0,1,36000,0,DKU006#
DEVICE,1642572353255,1642572353092,790,79,0,1,36000,0,DKU006#
DEVICE,1642572353287,1642572353124,797,79,0,1,36000,0,DKU006#
DEVICE,1642572353319,1642572353156,802,80,0,1,36000,0,DKU006#
DEVICE,1642572353351,1642572353188,793,79,0,1,36000,0,DKU006#
DEVICE,1642572353382,1642572353219,799,79,0,1,36000,0,DKU006#
DEVICE,1642572353414,1642572353251,796,79,0,1,36000,0,DKU006#
DEVICE,1642572353446,1642572353283,796,79,0,1,36000,0,DKU006#
DEVICE,1642572353479,1642572353316,789,78,0,1,36000,0,DKU006#
DEVICE,1642572353511,1642572353348,799,79,0,1,36000,0,DKU006#
DEVICE,1642572353542,1642572353379,798,79,0,1,36000,0,DKU006#
DEVICE,1642572353575,1642572353412,799,79,0,1,36000,0,DKU006#
DEVICE,1642572353606,1642572353443,814,81,0,1,36000,0,DKU006#
DEVICE,1642572353638,1642572353475,814,81,0,1,36000,0,DKU006#
DEVICE,1642572353670,1642572353507,804,80,0,1,36000,0,DKU006#
DEVICE,1642572353718,1642572353555,790,79,0,1,35975,0,DKU006#
DEVICE,1642572353734,1642572353571,803,80,0,1,35975,0,DKU006#
DEVICE,1642572353766,1642572353603,803,80,0,1,35975,0,DKU006#
DEVICE,1642572353798,1642572353635,786,78,0,1,35975,0,DKU006#
DEVICE,1642572353830,1642572353667,790,79,0,1,35975,0,DKU006#
DEVICE,1642572353862,1642572353699,793,79,0,1,35975,0,DKU006#
DEVICE,1642572353894,1642572353731,800,80,0,1,35975,0,DKU006#
DEVICE,1642572353926,1642572353763,789,78,0,1,35975,0,DKU006#
DEVICE,1642572353958,1642572353795,800,80,0,1,35975,0,DKU006#
DEVICE,1642572353990,1642572353827,787,78,0,1,35975,0,DKU006#
DEVICE,1642572354022,1642572353859,796,79,0,1,35975,0,DKU006#
DEVICE,1642572354054,1642572353891,801,80,0,1,35975,0,DKU006#
DEVICE,1642572354086,1642572353923,792,79,0,1,35975,0,DKU006#
DEVICE,1642572354118,1642572353955,795,79,0,1,35975,0,DKU006#
DEVICE,1642572354150,1642572353987,795,79,0,1,35975,0,DKU006#
DEVICE,1642572354182,1642572354019,798,79,0,1,35975,0,DKU006#
DEVICE,1642572354213,1642572354050,809,80,0,1,35975,0,DKU006#
DEVICE,1642572354246,1642572354083,802,80,0,1,35975,0,DKU006#
DEVICE,1642572354278,1642572354115,804,80,0,1,35975,0,DKU006#
DEVICE,1642572354310,1642572354147,789,78,0,1,35975,0,DKU006#
DEVICE,1642572354342,1642572354179,801,80,0,1,35975,0,DKU006#
DEVICE,1642572354374,1642572354211,797,79,0,1,35975,0,DKU006#
DEVICE,1642572354406,1642572354243,800,80,0,1,35975,0,DKU006#
DEVICE,1642572354438,1642572354275,783,78,0,1,35975,0,DKU006#
DEVICE,1642572354470,1642572354307,781,78,0,1,35975,0,DKU006#
DEVICE,1642572354501,1642572354338,796,79,0,1,35975,0,DKU006#
DEVICE,1642572354533,1642572354370,795,79,0,1,35975,0,DKU006#
DEVICE,1642572354565,1642572354402,797,79,0,1,35975,0,DKU006#
DEVICE,1642572354598,1642572354435,804,80,0,1,35975,0,DKU006#
DEVICE,1642572354630,1642572354467,792,79,0,1,35975,0,DKU006#
DEVICE,1642572354662,1642572354499,805,80,0,1,35975,0,DKU006#
DEVICE,1642572354694,1642572354531,798,79,0,1,35987,0,DKU006#
DEVICE,1642572354725,1642572354562,789,78,0,1,35987,0,DKU006#
DEVICE,1642572354758,1642572354595,801,80,0,1,35987,0,DKU006#
DEVICE,1642572354789,1642572354626,795,79,0,1,35987,0,DKU006#
DEVICE,1642572354821,1642572354658,803,80,0,1,35987,0,DKU006#
DEVICE,1642572354853,1642572354690,807,80,0,1,35987,0,DKU006#
DEVICE,1642572354885,1642572354722,804,80,0,1,35987,0,DKU006#
DEVICE,1642572354917,1642572354754,793,79,0,1,35987,0,DKU006#
DEVICE,1642572354949,1642572354786,794,79,0,1,35987,0,DKU006#
DEVICE,1642572354981,1642572354818,797,79,0,1,35987,0,DKU006#
DEVICE,1642572355013,1642572354850,799,79,0,1,35987,0,DKU006#
DEVICE,1642572355046,1642572354883,805,80,0,1,35987,0,DKU006#
DEVICE,1642572355077,1642572354914,805,80,0,1,35987,0,DKU006#
DEVICE,1642572355109,1642572354946,799,79,0,1,35987,0,DKU006#
DEVICE,1642572355141,1642572354978,796,79,0,1,35987,0,DKU006#
DEVICE,1642572355173,1642572355010,817,81,0,1,35987,0,DKU006#
DEVICE,1642572355205,1642572355042,799,79,0,1,35987,0,DKU006#
DEVICE,1642572355237,1642572355074,796,79,0,1,35987,0,DKU006#
DEVICE,1642572355269,1642572355106,801,80,0,1,35987,0,DKU006#
DEVICE,1642572355301,1642572355138,788,78,0,1,35987,0,DKU006#
DEVICE,1642572355333,1642572355170,807,80,0,1,35987,0,DKU006#
DEVICE,1642572355365,1642572355202,795,79,0,1,35987,0,DKU006#
DEVICE,1642572355397,1642572355234,792,79,0,1,35987,0,DKU006#
DEVICE,1642572355429,1642572355266,804,80,0,1,35987,0,DKU006#
DEVICE,1642572355461,1642572355298,803,80,0,1,35987,0,DKU006#
DEVICE,1642572355493,1642572355330,796,79,0,1,35987,0,DKU006#
DEVICE,1642572355525,1642572355362,800,80,0,1,35987,0,DKU006#
DEVICE,1642572355557,1642572355394,802,80,0,1,35987,0,DKU006#
DEVICE,1642572355589,1642572355426,791,79,0,1,35987,0,DKU006#
DEVICE,1642572355621,1642572355458,793,79,0,1,35987,0,DKU006#
DEVICE,1642572355653,1642572355490,781,78,0,1,35987,0,DKU006#
DEVICE,1642572355684,1642572355521,818,81,0,1,35987,0,DKU006#
DEVICE,1642572355716,1642572355553,807,80,0,1,35987,0,DKU006#
DEVICE,1642572355748,1642572355585,795,79,0,1,35987,0,DKU006#
DEVICE,1642572355780,1642572355617,799,79,0,1,35987,0,DKU006#
DEVICE,1642572355812,1642572355649,804,80,0,1,35987,0,DKU006#
DEVICE,1642572355845,1642572355682,804,80,0,1,35987,0,DKU006#
DEVICE,1642572355877,1642572355714,787,78,0,1,35987,0,DKU006#
DEVICE,1642572355908,1642572355745,796,79,0,1,35987,0,DKU006#
DEVICE,1642572355941,1642572355778,786,78,0,1,35987,0,DKU006#
DEVICE,1642572355972,1642572355809,795,79,0,1,35987,0,DKU006#
DEVICE,1642572356004,1642572355841,812,81,0,1,35987,0,DKU006#
DEVICE,1642572356036,1642572355873,817,81,0,1,35987,0,DKU006#
DEVICE,1642572356068,1642572355905,803,80,0,1,35987,0,DKU006#
DEVICE,1642572356100,1642572355937,801,80,0,1,35987,0,DKU006#
DEVICE,1642572356132,1642572355969,802,80,0,1,35987,0,DKU006#
DEVICE,1642572356164,1642572356001,797,79,0,1,35987,0,DKU006#
DEVICE,1642572356196,1642572356033,782,78,0,1,35987,0,DKU006#
DEVICE,1642572356228,1642572356065,800,80,0,1,35987,0,DKU006#
DEVICE,1642572356260,1642572356097,786,78,0,1,35987,0,DKU006#
DEVICE,1642572356292,1642572356129,806,80,0,1,35987,0,DKU006#
DEVICE,1642572356324,1642572356161,805,80,0,1,35987,0,DKU006#
DEVICE,1642572356356,1642572356193,793,79,0,1,35987,0,DKU006#
DEVICE,1642572356388,1642572356225,791,79,0,1,35987,0,DKU006#
DEVICE,1642572356420,1642572356257,801,80,0,1,35987,0,DKU006#
DEVICE,1642572356452,1642572356289,801,80,0,1,35987,0,DKU006#
DEVICE,1642572356484,1642572356321,801,80,0,1,35987,0,DKU006#
DEVICE,1642572356516,1642572356353,800,80,0,1,35987,0,DKU006#
DEVICE,1642572356548,1642572356385,799,79,0,1,35987,0,DKU006#
DEVICE,1642572356580,1642572356417,803,80,0,1,35987,0,DKU006#
DEVICE,1642572356612,1642572356449,801,80,0,1,35987,0,DKU006#
DEVICE,1642572356644,1642572356481,794,79,0,1,35987,0,DKU006#
DEVICE,1642572356676,1642572356513,802,80,0,1,35987,0,DKU006#
DEVICE,1642572356707,1642572356544,795,79,0,1,35987,0,DKU006#
DEVICE,1642572356740,1642572356577,796,79,0,1,35987,0,DKU006#
DEVICE,1642572356771,1642572356608,791,79,0,1,35987,0,DKU006#
DEVICE,1642572356803,1642572356640,806,80,0,1,35987,0,DKU006#
DEVICE,1642572356836,1642572356673,780,78,0,1,35987,0,DKU006#
DEVICE,1642572356867,1642572356704,789,78,0,1,35987,0,DKU006#
DEVICE,1642572356899,1642572356736,789,78,0,1,35987,0,DKU006#
DEVICE,1642572356932,1642572356769,792,79,0,1,35987,0,DKU006#
DEVICE,1642572356963,1642572356800,780,78,0,1,35987,0,DKU006#
DEVICE,1642572356995,1642572356832,773,77,0,1,35987,0,DKU006#
DEVICE,1642572357028,1642572356865,762,76,0,1,35987,0,DKU006#
DEVICE,1642572357059,1642572356896,760,76,0,1,35987,0,DKU006#
DEVICE,1642572357092,1642572356929,736,73,0,1,35987,0,DKU006#
DEVICE,1642572357123,1642572356960,751,75,0,1,35987,0,DKU006#
DEVICE,1642572357155,1642572356992,738,73,0,1,35987,0,DKU006#
DEVICE,1642572357187,1642572357024,717,71,5,1,35987,0,DKU006#
DEVICE,1642572357219,1642572357056,711,71,5,1,35987,0,DKU006#
DEVICE,1642572357251,1642572357088,699,69,5,1,35987,0,DKU006#
DEVICE,1642572357283,1642572357120,686,68,5,1,35987,0,DKU006#
DEVICE,1642572357315,1642572357152,686,68,5,1,35987,0,DKU006#
DEVICE,1642572357347,1642572357184,681,68,5,1,35987,0,DKU006#
DEVICE,1642572357379,1642572357216,673,67,5,1,35987,0,DKU006#
DEVICE,1642572357411,1642572357248,659,65,5,1,35987,0,DKU006#
DEVICE,1642572357443,1642572357280,670,67,5,1,35987,0,DKU006#
DEVICE,1642572357474,1642572357311,653,65,5,1,35987,0,DKU006#
DEVICE,1642572357507,1642572357344,636,63,5,1,35987,0,DKU006#
DEVICE,1642572357539,1642572357376,643,64,5,1,35987,0,DKU006#
DEVICE,1642572357571,1642572357408,642,64,5,1,35987,0,DKU006#
DEVICE,1642572357603,1642572357440,641,64,5,1,35987,0,DKU006#
DEVICE,1642572357635,1642572357472,639,63,5,1,35987,0,DKU006#
DEVICE,1642572357667,1642572357504,648,64,5,1,35987,0,DKU006#
DEVICE,1642572357698,1642572357535,653,65,5,1,35987,0,DKU006#
DEVICE,1642572357731,1642572357568,669,66,5,1,35987,0,DKU006#
DEVICE,1642572357763,1642572357600,671,67,5,1,35987,0,DKU006#
DEVICE,1642572357795,1642572357632,673,67,5,1,35987,0,DKU006#
DEVICE,1642572357827,1642572357664,688,68,5,1,35987,0,DKU006#
DEVICE,1642572357859,1642572357696,699,69,5,1,35987,0,DKU006#
DEVICE,1642572357891,1642572357728,704,70,5,1,35987,0,DKU006#
DEVICE,1642572357923,1642572357760,709,70,5,1,35987,0,DKU006#
DEVICE,1642572357954,1642572357791,714,71,5,1,35987,0,DKU006#
DEVICE,1642572357986,1642572357823,701,70,5,1,35987,0,DKU006#
DEVICE,1642572358018,1642572357855,723,72,5,1,35987,0,DKU006#
DEVICE,1642572358050,1642572357887,728,72,5,1,35987,0,DKU006#
DEVICE,1642572358082,1642572357919,744,74,5,1,35987,0,DKU006#
DEVICE,1642572358114,1642572357951,744,74,5,1,35987,0,DKU006#
DEVICE,1642572358146,1642572357983,754,75,0,1,35987,0,DKU006#
DEVICE,1642572358178,1642572358015,746,74,0,1,35987,0,DKU006#
DEVICE,1642572358210,1642572358047,764,76,0,1,35987,0,DKU006#
DEVICE,1642572358242,1642572358079,761,76,0,1,35987,0,DKU006#
DEVICE,1642572358274,1642572358111,776,77,0,1,35987,0,DKU006#
DEVICE,1642572358306,1642572358143,778,77,0,1,35987,0,DKU006#
DEVICE,1642572358338,1642572358175,774,77,0,1,35987,0,DKU006#
DEVICE,1642572358354,1642572358191,778,77,0,1,35987,0,DKU006#
DEVICE,1642572358402,1642572358239,753,75,0,1,35987,0,DKU006#
DEVICE,1642572358434,1642572358271,762,76,0,1,35987,0,DKU006#
DEVICE,1642572358450,1642572358287,754,75,0,1,35987,0,DKU006#
DEVICE,1642572358482,1642572358319,765,76,0,1,35987,0,DKU006#
DEVICE,1642572358514,1642572358351,741,74,0,1,35987,0,DKU006#
DEVICE,1642572358562,1642572358399,736,73,5,1,35987,0,DKU006#
DEVICE,1642572358578,1642572358415,723,72,5,1,35987,0,DKU006#
DEVICE,1642572358610,1642572358447,721,72,5,1,35987,0,DKU006#
DEVICE,1642572358642,1642572358479,708,70,5,1,35987,0,DKU006#
DEVICE,1642572358674,1642572358511,688,68,5,1,35987,0,DKU006#
DEVICE,1642572358706,1642572358543,691,69,5,1,35987,0,DKU006#
DEVICE,1642572358738,1642572358575,669,66,5,1,35987,0,DKU006#
DEVICE,1642572358770,1642572358607,663,66,5,1,35987,0,DKU006#
DEVICE,1642572358802,1642572358639,656,65,5,1,35987,0,DKU006#
DEVICE,1642572358834,1642572358671,656,65,5,1,35987,0,DKU006#
DEVICE,1642572358866,1642572358703,647,64,5,1,35987,0,DKU006#
DEVICE,1642572358898,1642572358735,637,63,5,1,35987,0,DKU006#
DEVICE,1642572358929,1642572358766,642,64,5,1,35987,0,DKU006#
DEVICE,1642572358962,1642572358799,639,63,5,1,35987,0,DKU006#
DEVICE,1642572358994,1642572358831,637,63,5,1,35987,0,DKU006#
DEVICE,1642572359026,1642572358863,658,65,5,1,35987,0,DKU006#
DEVICE,1642572359058,1642572358895,670,67,5,1,35987,0,DKU006#
DEVICE,1642572359090,1642572358927,680,68,5,1,35987,0,DKU006#
DEVICE,1642572359122,1642572358959,694,69,5,1,35987,0,DKU006#
DEVICE,1642572359153,1642572358990,702,70,5,1,35987,0,DKU006#
DEVICE,1642572359186,1642572359023,705,70,5,1,35987,0,DKU006#
DEVICE,1642572359217,1642572359054,725,72,5,1,35987,0,DKU006#
DEVICE,1642572359249,1642572359086,712,71,5,1,35987,0,DKU006#
DEVICE,1642572359281,1642572359118,718,71,5,1,35987,0,DKU006#
DEVICE,1642572359313,1642572359150,740,74,5,1,35987,0,DKU006#
DEVICE,1642572359345,1642572359182,744,74,5,1,35987,0,DKU006#
DEVICE,1642572359377,1642572359214,753,75,0,1,35987,0,DKU006#
DEVICE,1642572359409,1642572359246,739,73,0,1,35987,0,DKU006#
DEVICE,1642572359441,1642572359278,743,74,5,1,35987,0,DKU006#
DEVICE,1642572359473,1642572359310,764,76,0,1,35987,0,DKU006#
DEVICE,1642572359505,1642572359342,768,76,0,1,35987,0,DKU006#
DEVICE,1642572359537,1642572359374,775,77,0,1,35987,0,DKU006#
DEVICE,1642572359569,1642572359406,787,78,0,1,35987,0,DKU006#
DEVICE,1642572359601,1642572359438,784,78,0,1,35987,0,DKU006#
DEVICE,1642572359633,1642572359470,781,78,0,1,35987,0,DKU006#
DEVICE,1642572359665,1642572359502,787,78,0,1,35987,0,DKU006#
DEVICE,1642572359697,1642572359534,775,77,0,1,35987,0,DKU006#
DEVICE,1642572359729,1642572359566,776,77,0,1,35987,0,DKU006#
DEVICE,1642572359761,1642572359598,767,76,0,1,35987,0,DKU006#
DEVICE,1642572359793,1642572359630,758,75,0,1,35987,0,DKU006#
DEVICE,1642572359825,1642572359662,754,75,0,1,35987,0,DKU006#
DEVICE,1642572359857,1642572359694,744,74,0,1,35987,0,DKU006#
DEVICE,1642572359889,1642572359726,739,73,5,1,35987,0,DKU006#
DEVICE,1642572359921,1642572359758,724,72,5,1,35987,0,DKU006#
DEVICE,1642572359953,1642572359790,739,73,5,1,35987,0,DKU006#
DEVICE,1642572359985,1642572359822,738,73,5,1,35987,0,DKU006#
DEVICE,1642572360017,1642572359854,716,71,5,1,35987,0,DKU006#
DEVICE,1642572360049,1642572359886,697,69,5,1,35987,0,DKU006#
DEVICE,1642572360081,1642572359918,695,69,5,1,35987,0,DKU006#
DEVICE,1642572360112,1642572359949,690,69,5,1,35987,0,DKU006#
DEVICE,1642572360145,1642572359982,665,66,5,1,35987,0,DKU006#
DEVICE,1642572360177,1642572360014,661,66,5,1,35987,0,DKU006#
DEVICE,1642572360209,1642572360046,648,64,5,1,35987,0,DKU006#
DEVICE,1642572360241,1642572360078,652,65,5,1,35987,0,DKU006#
DEVICE,1642572360273,1642572360110,649,64,5,1,35987,0,DKU006#
DEVICE,1642572360304,1642572360141,639,63,5,1,35987,0,DKU006#
DEVICE,1642572360336,1642572360173,651,65,5,1,35987,0,DKU006#
DEVICE,1642572360368,1642572360205,667,66,5,1,35987,0,DKU006#
DEVICE,1642572360400,1642572360237,670,67,5,1,35987,0,DKU006#
DEVICE,1642572360432,1642572360269,674,67,5,1,35987,0,DKU006#
DEVICE,1642572360464,1642572360301,686,68,5,1,35987,0,DKU006#
DEVICE,1642572360496,1642572360333,678,67,5,1,35987,0,DKU006#
DEVICE,1642572360528,1642572360365,721,72,5,1,35987,0,DKU006#
DEVICE,1642572360560,1642572360397,708,70,5,1,35987,0,DKU006#
DEVICE,1642572360592,1642572360429,726,72,5,1,35987,0,DKU006#
DEVICE,1642572360624,1642572360461,721,72,5,1,35987,0,DKU006#
DEVICE,1642572360656,1642572360493,729,72,5,1,35987,0,DKU006#
DEVICE,1642572360688,1642572360525,748,74,5,1,35987,0,DKU006#
DEVICE,1642572360720,1642572360557,755,75,0,1,35987,0,DKU006#
DEVICE,1642572360752,1642572360589,760,76,0,1,35987,0,DKU006#
DEVICE,1642572360784,1642572360621,750,75,0,1,35987,0,DKU006#
DEVICE,1642572360816,1642572360653,757,75,0,1,35987,0,DKU006#
DEVICE,1642572360848,1642572360685,764,76,0,1,35987,0,DKU006#
DEVICE,1642572360880,1642572360717,771,77,0,1,35987,0,DKU006#
DEVICE,1642572360912,1642572360749,784,78,0,1,35987,0,DKU006#
DEVICE,1642572360944,1642572360781,775,77,0,1,35987,0,DKU006#
DEVICE,1642572360976,1642572360813,761,76,0,1,35987,0,DKU006#
DEVICE,1642572361008,1642572360845,748,74,0,1,35987,0,DKU006#
DEVICE,1642572361040,1642572360877,769,76,0,1,35987,0,DKU006#
DEVICE,1642572361072,1642572360909,744,74,0,1,35987,0,DKU006#
DEVICE,1642572361104,1642572360941,729,72,5,1,35987,0,DKU006#
DEVICE,1642572361136,1642572360973,738,73,5,1,35987,0,DKU006#
DEVICE,1642572361168,1642572361005,731,73,5,1,35987,0,DKU006#
DEVICE,1642572361200,1642572361037,717,71,5,1,35987,0,DKU006#
DEVICE,1642572361232,1642572361069,693,69,5,1,35987,0,DKU006#
DEVICE,1642572361263,1642572361100,684,68,5,1,35987,0,DKU006#
DEVICE,1642572361296,1642572361133,702,70,5,1,35987,0,DKU006#
DEVICE,1642572361328,1642572361165,673,67,5,1,35987,0,DKU006#
DEVICE,1642572361360,1642572361197,652,65,5,1,35987,0,DKU006#
DEVICE,1642572361391,1642572361228,652,65,5,1,35987,0,DKU006#
DEVICE,1642572361424,1642572361261,659,65,5,1,35987,0,DKU006#
DEVICE,1642572361456,1642572361293,652,65,5,1,35987,0,DKU006#
DEVICE,1642572361487,1642572361324,638,63,5,1,35987,0,DKU006#
DEVICE,1642572361519,1642572361356,648,64,5,1,35987,0,DKU006#
DEVICE,1642572361551,1642572361388,673,67,5,1,35987,0,DKU006#
DEVICE,1642572361583,1642572361420,656,65,5,1,35987,0,DKU006#
DEVICE,1642572361615,1642572361452,695,69,5,1,35987,0,DKU006#
DEVICE,1642572361647,1642572361484,694,69,5,1,35987,0,DKU006#
DEVICE,1642572361679,1642572361516,716,71,5,1,35987,0,DKU006#
DEVICE,1642572361711,1642572361548,711,71,5,1,35987,0,DKU006#
DEVICE,1642572361743,1642572361580,722,72,5,1,35987,0,DKU006#
DEVICE,1642572361775,1642572361612,744,74,5,1,35987,0,DKU006#
DEVICE,1642572361807,1642572361644,731,73,5,1,35987,0,DKU006#
DEVICE,1642572361839,1642572361676,752,75,0,1,35987,0,DKU006#
DEVICE,1642572361871,1642572361708,750,75,0,1,35987,0,DKU006#
DEVICE,1642572361903,1642572361740,748,74,0,1,35987,0,DKU006#
DEVICE,1642572361935,1642572361772,751,75,0,1,35987,0,DKU006#
DEVICE,1642572361967,1642572361804,768,76,0,1,35987,0,DKU006#
DEVICE,1642572361999,1642572361836,770,77,0,1,35987,0,DKU006#
DEVICE,1642572362031,1642572361868,759,75,0,1,35987,0,DKU006#
DEVICE,1642572362063,1642572361900,770,77,0,1,35987,0,DKU006#
DEVICE,1642572362095,1642572361932,776,77,0,1,35987,0,DKU006#
DEVICE,1642572362127,1642572361964,765,76,0,1,35987,0,DKU006#
DEVICE,1642572362159,1642572361996,753,75,0,1,35987,0,DKU006#
DEVICE,1642572362191,1642572362028,751,75,0,1,35987,0,DKU006#
DEVICE,1642572362223,1642572362060,762,76,0,1,35987,0,DKU006#
DEVICE,1642572362255,1642572362092,754,75,0,1,35987,0,DKU006#
DEVICE,1642572362287,1642572362124,733,73,0,1,35987,0,DKU006#
DEVICE,1642572362318,1642572362155,741,74,5,1,35987,0,DKU006#
DEVICE,1642572362351,1642572362188,745,74,5,1,35987,0,DKU006#
DEVICE,1642572362382,1642572362219,723,72,5,1,35987,0,DKU006#
DEVICE,1642572362414,1642572362251,709,70,5,1,35987,0,DKU006#
DEVICE,1642572362447,1642572362284,690,69,5,1,35987,0,DKU006#
DEVICE,1642572362478,1642572362315,689,68,5,1,35987,0,DKU006#
DEVICE,1642572362511,1642572362348,689,68,5,1,35987,0,DKU006#
DEVICE,1642572362543,1642572362380,681,68,5,1,35987,0,DKU006#
DEVICE,1642572362574,1642572362411,656,65,5,1,35987,0,DKU006#
DEVICE,1642572362606,1642572362443,647,64,5,1,35987,0,DKU006#
DEVICE,1642572362638,1642572362475,644,64,5,1,35987,0,DKU006#
DEVICE,1642572362670,1642572362507,650,65,5,1,35987,0,DKU006#
DEVICE,1642572362702,1642572362539,657,65,5,1,35987,0,DKU006#
DEVICE,1642572362734,1642572362571,639,63,5,1,35987,0,DKU006#
DEVICE,1642572362766,1642572362603,655,65,5,1,35987,0,DKU006#
DEVICE,1642572362798,1642572362635,679,67,5,1,35987,0,DKU006#
DEVICE,1642572362830,1642572362667,687,68,5,1,35987,0,DKU006#
DEVICE,1642572362863,1642572362700,687,68,5,1,35987,0,DKU006#
DEVICE,1642572362895,1642572362732,705,70,5,1,35987,0,DKU006#
DEVICE,1642572362926,1642572362763,724,72,5,1,35987,0,DKU006#
DEVICE,1642572362958,1642572362795,725,72,5,1,35987,0,DKU006#
DEVICE,1642572362990,1642572362827,742,74,5,1,35987,0,DKU006#
DEVICE,1642572363022,1642572362859,741,74,5,1,35987,0,DKU006#
DEVICE,1642572363054,1642572362891,752,75,0,1,35987,0,DKU006#
DEVICE,1642572363086,1642572362923,734,73,0,1,35987,0,DKU006#
DEVICE,1642572363118,1642572362955,755,75,0,1,35987,0,DKU006#
DEVICE,1642572363150,1642572362987,742,74,0,1,35987,0,DKU006#
DEVICE,1642572363182,1642572363019,768,76,0,1,35987,0,DKU006#
DEVICE,1642572363214,1642572363051,776,77,0,1,35987,0,DKU006#
DEVICE,1642572363246,1642572363083,777,77,0,1,35987,0,DKU006#
DEVICE,1642572363278,1642572363115,788,78,0,1,35987,0,DKU006#
DEVICE,1642572363310,1642572363147,786,78,0,1,35987,0,DKU006#
DEVICE,1642572363342,1642572363179,793,79,0,1,35987,0,DKU006#
DEVICE,1642572363374,1642572363211,787,78,0,1,35987,0,DKU006#
DEVICE,1642572363405,1642572363242,810,81,0,1,35987,0,DKU006#
DEVICE,1642572363437,1642572363274,782,78,0,1,35987,0,DKU006#
DEVICE,1642572363470,1642572363307,796,79,0,1,35987,0,DKU006#
DEVICE,1642572363501,1642572363338,797,79,0,1,35987,0,DKU006#
DEVICE,1642572363533,1642572363370,805,80,0,1,35987,0,DKU006#
DEVICE,1642572363566,1642572363403,805,80,0,1,35987,0,DKU006#
DEVICE,1642572363597,1642572363434,817,81,0,1,35987,0,DKU006#
DEVICE,1642572363629,1642572363466,808,80,0,1,35987,0,DKU006#
DEVICE,1642572363662,1642572363499,791,79,0,1,35987,0,DKU006#
DEVICE,1642572363693,1642572363530,810,81,0,1,35987,0,DKU006#
DEVICE,1642572363725,1642572363562,797,79,0,1,35987,0,DKU006#
DEVICE,1642572363757,1642572363594,798,79,0,1,35987,0,DKU006#
DEVICE,1642572363789,1642572363626,801,80,0,1,35987,0,DKU006#
DEVICE,1642572363821,1642572363658,800,80,0,1,35987,0,DKU006#
DEVICE,1642572363853,1642572363690,807,80,0,1,35987,0,DKU006#
DEVICE,1642572363885,1642572363722,793,79,0,1,35987,0,DKU006#
DEVICE,1642572363917,1642572363754,794,79,0,1,35987,0,DKU006#
DEVICE,1642572363949,1642572363786,791,79,0,1,35987,0,DKU006#
DEVICE,1642572363981,1642572363818,809,80,0,1,35987,0,DKU006#
DEVICE,1642572364013,1642572363850,793,79,0,1,35987,0,DKU006#
DEVICE,1642572364045,1642572363882,801,80,0,1,35987,0,DKU006#
DEVICE,1642572364078,1642572363915,805,80,0,1,35987,0,DKU006#
DEVICE,1642572364109,1642572363946,796,79,0,1,35987,0,DKU006#
DEVICE,1642572364141,1642572363978,809,80,0,1,35987,0,DKU006#
DEVICE,1642572364173,1642572364010,804,80,0,1,35987,0,DKU006#
DEVICE,1642572364205,1642572364042,803,80,0,1,35987,0,DKU006#
DEVICE,1642572364237,1642572364074,786,78,0,1,35987,0,DKU006#
DEVICE,1642572364269,1642572364106,797,79,0,1,35987,0,DKU006#
DEVICE,1642572364301,1642572364138,796,79,0,1,35987,0,DKU006#
DEVICE,1642572364333,1642572364170,799,79,0,1,35987,0,DKU006#
DEVICE,1642572364365,1642572364202,806,80,0,1,35987,0,DKU006#
DEVICE,1642572364397,1642572364234,813,81,0,1,35987,0,DKU006#
DEVICE,1642572364428,1642572364265,817,81,0,1,35987,0,DKU006#
DEVICE,1642572364461,1642572364298,803,80,0,1,35987,0,DKU006#
DEVICE,1642572364493,1642572364330,804,80,0,1,35987,0,DKU006#
DEVICE,1642572364525,1642572364362,809,80,0,1,35987,0,DKU006#
DEVICE,1642572364557,1642572364394,795,79,0,1,35987,0,DKU006#
DEVICE,1642572364589,1642572364426,813,81,0,1,35987,0,DKU006#
DEVICE,1642572364620,1642572364457,808,80,0,1,35987,0,DKU006#
DEVICE,1642572364652,1642572364489,795,79,0,1,35987,0,DKU006#
DEVICE,1642572364684,1642572364521,823,82,0,1,35987,0,DKU006#
DEVICE,1642572364716,1642572364553,783,78,0,1,35987,0,DKU006#
DEVICE,1642572364748,1642572364585,823,82,0,1,35987,0,DKU006#
DEVICE,1642572364780,1642572364617,812,81,0,1,35987,0,DKU006#
DEVICE,1642572364813,1642572364650,803,80,0,1,35987,0,DKU006#
DEVICE,1642572364844,1642572364681,809,80,0,1,35987,0,DKU006#
DEVICE,1642572364876,1642572364713,794,79,0,1,35987,0,DKU006#
DEVICE,1642572364908,1642572364745,806,80,0,1,35987,0,DKU006#
DEVICE,1642572364940,1642572364777,796,79,0,1,35987,0,DKU006#
DEVICE,1642572364972,1642572364809,809,80,0,1,35987,0,DKU006#
DEVICE,1642572365004,1642572364841,810,81,0,1,35987,0,DKU006#
DEVICE,1642572365036,1642572364873,808,80,0,1,35987,0,DKU006#
DEVICE,1642572365068,1642572364905,813,81,0,1,35987,0,DKU006#
DEVICE,1642572365116,1642572364953,805,80,0,1,34856,0,DKU006#
DEVICE,1642572365132,1642572364969,809,80,0,1,34856,0,DKU006#
DEVICE,1642572365164,1642572365001,804,80,0,1,34856,0,DKU006#
DEVICE,1642572365196,1642572365033,813,81,0,1,34856,0,DKU006#
DEVICE,1642572365228,1642572365065,808,80,0,1,34856,0,DKU006#
DEVICE,1642572365260,1642572365097,821,82,0,1,34856,0,DKU006#
DEVICE,1642572365292,1642572365129,810,81,0,1,34856,0,DKU006#
DEVICE,1642572365324,1642572365161,793,79,0,1,34856,0,DKU006#
DEVICE,1642572365356,1642572365193,799,79,0,1,34856,0,DKU006#
DEVICE,1642572365388,1642572365225,811,81,0,1,34856,0,DKU006#
DEVICE,1642572365420,1642572365257,803,80,0,1,34856,0,DKU006#
DEVICE,1642572365452,1642572365289,811,81,0,1,34856,0,DKU006#
DEVICE,1642572365484,1642572365321,819,81,0,1,34856,0,DKU006#
DEVICE,1642572365516,1642572365353,812,81,0,1,34856,0,DKU006#
DEVICE,1642572365548,1642572365385,815,81,0,1,34856,0,DKU006#
DEVICE,1642572365580,1642572365417,799,79,0,1,34856,0,DKU006#
DEVICE,1642572365612,1642572365449,795,79,0,1,34856,0,DKU006#
DEVICE,1642572365644,1642572365481,803,80,0,1,34856,0,DKU006#
DEVICE,1642572365676,1642572365513,797,79,0,1,34856,0,DKU006#
DEVICE,1642572365707,1642572365544,809,80,0,1,34856,0,DKU006#
DEVICE,1642572365740,1642572365577,787,78,0,1,34856,0,DKU006#
DEVICE,1642572365771,1642572365608,813,81,0,1,34856,0,DKU006#
DEVICE,1642572365803,1642572365640,815,81,0,1,34856,0,DKU006#
DEVICE,1642572365835,1642572365672,796,79,0,1,34856,0,DKU006#
DEVICE,1642572365867,1642572365704,815,81,0,1,34856,0,DKU006#
DEVICE,1642572365899,1642572365736,809,80,0,1,34856,0,DKU006#
DEVICE,1642572365931,1642572365768,809,80,0,1,34856,0,DKU006#
DEVICE,1642572365963,1642572365800,817,81,0,1,34856,0,DKU006#
DEVICE,1642572365995,1642572365832,807,80,0,1,34856,0,DKU006#
DEVICE,1642572366027,1642572365864,830,83,0,1,34856,0,DKU006#
DEVICE,1642572366059,1642572365896,811,81,0,1,34856,0,DKU006#
DEVICE,1642572366091,1642572365928,811,81,0,1,35081,0,DKU006#
DEVICE,1642572366123,1642572365960,801,80,0,1,35081,0,DKU006#
DEVICE,1642572366155,1642572365992,802,80,0,1,35081,0,DKU006#
DEVICE,1642572366187,1642572366024,794,79,0,1,35081,0,DKU006#
DEVICE,1642572366219,1642572366056,803,80,0,1,35081,0,DKU006#
DEVICE,1642572366251,1642572366088,797,79,0,1,35081,0,DKU006#
DEVICE,1642572366283,1642572366120,798,79,0,1,35081,0,DKU006#
DEVICE,1642572366315,1642572366152,820,82,0,1,35081,0,DKU006#
DEVICE,1642572366347,1642572366184,805,80,0,1,35081,0,DKU006#
DEVICE,1642572366379,1642572366216,804,80,0,1,35081,0,DKU006#
DEVICE,1642572366411,1642572366248,802,80,0,1,35081,0,DKU006#
DEVICE,1642572366443,1642572366280,809,80,0,1,35081,0,DKU006#
DEVICE,1642572366475,1642572366312,793,79,0,1,35081,0,DKU006#
DEVICE,1642572366507,1642572366344,801,80,0,1,35081,0,DKU006#
DEVICE,1642572366539,1642572366376,801,80,0,1,35081,0,DKU006#
DEVICE,1642572366571,1642572366408,799,79,0,1,35081,0,DKU006#
DEVICE,1642572366603,1642572366440,809,80,0,1,35081,0,DKU006#
DEVICE,1642572366635,1642572366472,801,80,0,1,35081,0,DKU006#
DEVICE,1642572366667,1642572366504,809,80,0,1,35081,0,DKU006#
DEVICE,1642572366698,1642572366535,791,79,0,1,35081,0,DKU006#
DEVICE,1642572366731,1642572366568,783,78,0,1,35081,0,DKU006#
DEVICE,1642572366763,1642572366600,810,81,0,1,35081,0,DKU006#
DEVICE,1642572366794,1642572366631,803,80,0,1,35081,0,DKU006#
DEVICE,1642572366826,1642572366663,794,79,0,1,35081,0,DKU006#
DEVICE,1642572366859,1642572366696,800,80,0,1,35081,0,DKU006#
DEVICE,1642572366890,1642572366727,816,81,0,1,35081,0,DKU006#
DEVICE,1642572366922,1642572366759,805,80,0,1,35081,0,DKU006#
DEVICE,1642572366954,1642572366791,803,80,0,1,35081,0,DKU006#
DEVICE,1642572366986,1642572366823,817,81,0,1,35081,0,DKU006#
DEVICE,1642572367019,1642572366856,800,80,0,1,35081,0,DKU006#
DEVICE,1642572367050,1642572366887,812,81,0,1,35081,0,DKU006#
DEVICE,1642572367082,1642572366919,818,81,0,1,35081,0,DKU006#
DEVICE,1642572367114,1642572366951,813,81,0,1,35181,0,DKU006#
DEVICE,1642572367146,1642572366983,816,81,0,1,35181,0,DKU006#
DEVICE,1642572367178,1642572367015,792,79,0,1,35181,0,DKU006#
DEVICE,1642572367211,1642572367048,798,79,0,1,35181,0,DKU006#
DEVICE,1642572367242,1642572367079,796,79,0,1,35181,0,DKU006#
DEVICE,1642572367274,1642572367111,810,81,0,1,35181,0,DKU006#
DEVICE,1642572367306,1642572367143,798,79,0,1,35181,0,DKU006#
DEVICE,1642572367338,1642572367175,807,80,0,1,35181,0,DKU006#
DEVICE,1642572367370,1642572367207,824,82,0,1,35181,0,DKU006#
DEVICE,1642572367402,1642572367239,814,81,0,1,35181,0,DKU006#
DEVICE,1642572367434,1642572367271,800,80,0,1,35181,0,DKU006#
DEVICE,1642572367466,1642572367303,811,81,0,1,35181,0,DKU006#
DEVICE,1642572367498,1642572367335,799,79,0,1,35181,0,DKU006#
DEVICE,1642572367530,1642572367367,817,81,0,1,35181,0,DKU006#
DEVICE,1642572367562,1642572367399,800,80,0,1,35181,0,DKU006#
DEVICE,1642572367594,1642572367431,816,81,0,1,35181,0,DKU006#
DEVICE,1642572367626,1642572367463,816,81,0,1,35181,0,DKU006#
DEVICE,1642572367658,1642572367495,790,79,0,1,35181,0,DKU006#
DEVICE,1642572367690,1642572367527,822,82,0,1,35181,0,DKU006#
DEVICE,1642572367722,1642572367559,806,80,0,1,35181,0,DKU006#
DEVICE,1642572367754,1642572367591,832,83,0,1,35181,0,DKU006#
DEVICE,1642572367786,1642572367623,798,79,0,1,35181,0,DKU006#
DEVICE,1642572367818,1642572367655,803,80,0,1,35181,0,DKU006#
DEVICE,1642572367850,1642572367687,808,80,0,1,35181,0,DKU006#
DEVICE,1642572367881,1642572367718,810,81,0,1,35181,0,DKU006#
DEVICE,1642572367913,1642572367750,816,81,0,1,35181,0,DKU006#
DEVICE,1642572367945,1642572367782,802,80,0,1,35181,0,DKU006#
DEVICE,1642572367977,1642572367814,817,81,0,1,35181,0,DKU006#
DEVICE,1642572368010,1642572367847,813,81,0,1,35181,0,DKU006#
DEVICE,1642572368042,1642572367879,816,81,0,1,35181,0,DKU006#
DEVICE,1642572368073,1642572367910,813,81,0,1,35181,0,DKU006#
DEVICE,1642572368105,1642572367942,809,80,0,1,35275,0,DKU006#
DEVICE,1642572368138,1642572367975,823,82,0,1,35275,0,DKU006#
DEVICE,1642572368169,1642572368006,816,81,0,1,35275,0,DKU006#
DEVICE,1642572368201,1642572368038,799,79,0,1,35275,0,DKU006#
DEVICE,1642572368233,1642572368070,818,81,0,1,35275,0,DKU006#
DEVICE,1642572368265,1642572368102,806,80,0,1,35275,0,DKU006#
DEVICE,1642572368297,1642572368134,805,80,0,1,35275,0,DKU006#
DEVICE,1642572368329,1642572368166,808,80,0,1,35275,0,DKU006#
DEVICE,1642572368361,1642572368198,801,80,0,1,35275,0,DKU006#
DEVICE,1642572368393,1642572368230,812,81,0,1,35275,0,DKU006#
DEVICE,1642572368425,1642572368262,808,80,0,1,35275,0,DKU006#
DEVICE,1642572368457,1642572368294,817,81,0,1,35275,0,DKU006#
DEVICE,1642572368489,1642572368326,805,80,0,1,35275,0,DKU006#
DEVICE,1642572368521,1642572368358,804,80,0,1,35275,0,DKU006#
DEVICE,1642572368553,1642572368390,809,80,0,1,35275,0,DKU006#
DEVICE,1642572368585,1642572368422,809,80,0,1,35275,0,DKU006#
DEVICE,1642572368617,1642572368454,803,80,0,1,35275,0,DKU006#
DEVICE,1642572368649,1642572368486,808,80,0,1,35275,0,DKU006#
DEVICE,1642572368681,1642572368518,798,79,0,1,35275,0,DKU006#
DEVICE,1642572368713,1642572368550,810,81,0,1,35275,0,DKU006#
DEVICE,1642572368745,1642572368582,808,80,0,1,35275,0,DKU006#
DEVICE,1642572368777,1642572368614,795,79,0,1,35275,0,DKU006#
DEVICE,1642572368809,1642572368646,814,81,0,1,35275,0,DKU006#
DEVICE,1642572368841,1642572368678,797,79,0,1,35275,0,DKU006#
DEVICE,1642572368873,1642572368710,808,80,0,1,35275,0,DKU006#
DEVICE,1642572368905,1642572368742,801,80,0,1,35275,0,DKU006#
DEVICE,1642572368936,1642572368773,820,82,0,1,35275,0,DKU006#
DEVICE,1642572368968,1642572368805,812,81,0,1,35275,0,DKU006#
DEVICE,1642572369000,1642572368837,816,81,0,1,35275,0,DKU006#
DEVICE,1642572369032,1642572368869,813,81,0,1,35275,0,DKU006#
DEVICE,1642572369048,1642572368885,815,81,0,1,35275,0,DKU006#
DEVICE,1642572369097,1642572368934,806,80,0,1,35275,0,DKU006#
DEVICE,1642572369128,1642572368965,797,79,0,1,35275,0,DKU006#
DEVICE,1642572369144,1642572368981,799,79,0,1,35275,0,DKU006#
DEVICE,1642572369192,1642572369029,800,80,0,1,35350,0,DKU006#
DEVICE,1642572369209,1642572369046,796,79,0,1,35350,0,DKU006#
DEVICE,1642572369240,1642572369077,800,80,0,1,35350,0,DKU006#
DEVICE,1642572369272,1642572369109,813,81,0,1,35350,0,DKU006#
DEVICE,1642572369304,1642572369141,804,80,0,1,35350,0,DKU006#
DEVICE,1642572369336,1642572369173,815,81,0,1,35350,0,DKU006#
DEVICE,1642572369368,1642572369205,793,79,0,1,35350,0,DKU006#
DEVICE,1642572369400,1642572369237,816,81,0,1,35350,0,DKU006#
DEVICE,1642572369432,1642572369269,809,80,0,1,35350,0,DKU006#
DEVICE,1642572369464,1642572369301,796,79,0,1,35350,0,DKU006#
DEVICE,1642572369496,1642572369333,806,80,0,1,35350,0,DKU006#
DEVICE,1642572369528,1642572369365,801,80,0,1,35350,0,DKU006#
DEVICE,1642572369560,1642572369397,802,80,0,1,35350,0,DKU006#
DEVICE,1642572369592,1642572369429,816,81,0,1,35350,0,DKU006#
DEVICE,1642572369624,1642572369461,801,80,0,1,35350,0,DKU006#
DEVICE,1642572369656,1642572369493,797,79,0,1,35350,0,DKU006#
DEVICE,1642572369688,1642572369525,823,82,0,1,35350,0,DKU006#
DEVICE,1642572369720,1642572369557,807,80,0,1,35350,0,DKU006#
DEVICE,1642572369752,1642572369589,817,81,0,1,35350,0,DKU006#
DEVICE,1642572369784,1642572369621,805,80,0,1,35350,0,DKU006#
DEVICE,1642572369816,1642572369653,808,80,0,1,35350,0,DKU006#
DEVICE,1642572369848,1642572369685,804,80,0,1,35350,0,DKU006#
DEVICE,1642572369880,1642572369717,813,81,0,1,35350,0,DKU006#
DEVICE,1642572369912,1642572369749,803,80,0,1,35350,0,DKU006#
DEVICE,1642572369944,1642572369781,801,80,0,1,35350,0,DKU006#
DEVICE,1642572369976,1642572369813,802,80,0,1,35350,0,DKU006#
DEVICE,1642572370008,1642572369845,810,81,0,1,35350,0,DKU006#
DEVICE,1642572370040,1642572369877,792,79,0,1,35350,0,DKU006#
DEVICE,1642572370072,1642572369909,809,80,0,1,35350,0,DKU006#
DEVICE,1642572370103,1642572369940,794,79,0,1,35350,0,DKU006#
DEVICE,1642572370135,1642572369972,812,81,0,1,35350,0,DKU006#
DEVICE,1642572370167,1642572370004,792,79,0,1,35350,0,DKU006#
DEVICE,1642572370217,1642572370054,797,79,0,1,35362,0,DKU006#
DEVICE,1642572370231,1642572370068,808,80,0,1,35362,0,DKU006#
DEVICE,1642572370263,1642572370100,801,80,0,1,35362,0,DKU006#
DEVICE,1642572370295,1642572370132,800,80,0,1,35362,0,DKU006#
DEVICE,1642572370327,1642572370164,802,80,0,1,35362,0,DKU006#
DEVICE,1642572370359,1642572370196,799,79,0,1,35362,0,DKU006#
DEVICE,1642572370391,1642572370228,796,79,0,1,35362,0,DKU006#
DEVICE,1642572370423,1642572370260,798,79,0,1,35362,0,DKU006#
DEVICE,1642572370455,1642572370292,813,81,0,1,35362,0,DKU006#
DEVICE,1642572370487,1642572370324,805,80,0,1,35362,0,DKU006#
DEVICE,1642572370519,1642572370356,789,78,0,1,35362,0,DKU006#
DEVICE,1642572370551,1642572370388,814,81,0,1,35362,0,DKU006#
DEVICE,1642572370583,1642572370420,795,79,0,1,35362,0,DKU006#
DEVICE,1642572370615,1642572370452,799,79,0,1,35362,0,DKU006#
DEVICE,1642572370647,1642572370484,798,79,0,1,35362,0,DKU006#
DEVICE,1642572370679,1642572370516,795,79,0,1,35362,0,DKU006#
DEVICE,1642572370711,1642572370548,801,80,0,1,35362,0,DKU006#
DEVICE,1642572370744,1642572370581,813,81,0,1,35362,0,DKU006#
DEVICE,1642572370775,1642572370612,816,81,0,1,35362,0,DKU006#
DEVICE,1642572370807,1642572370644,793,79,0,1,35362,0,DKU006#
DEVICE,1642572370839,1642572370676,804,80,0,1,35362,0,DKU006#
DEVICE,1642572370871,1642572370708,793,79,0,1,35362,0,DKU006#
DEVICE,1642572370903,1642572370740,801,80,0,1,35362,0,DKU006#
DEVICE,1642572370935,1642572370772,811,81,0,1,35362,0,DKU006#
DEVICE,1642572370967,1642572370804,803,80,0,1,35362,0,DKU006#
DEVICE,1642572370999,1642572370836,803,80,0,1,35362,0,DKU006#
