Device,PTPTime,UnixTime,Protocool,CurrentDeviceTime,AccX,AccY,AccZ,GyroX,GyroY,GyroZ,HeartRate
WATCH,1642571536478,1642571536485,4,1642571536485,0.030,0.065,-0.126,-0.001,-0.045,-0.047,71
WATCH,1642571536488,1642571536495,4,1642571536495,-0.151,0.118,-0.157,-0.011,-0.065,-0.034,71
WATCH,1642571536498,1642571536505,4,1642571536505,-0.427,0.135,-0.234,-0.019,-0.079,-0.002,71
WATCH,1642571536508,1642571536515,4,1642571536515,-0.734,0.198,-0.299,-0.027,-0.096,0.041,71
WATCH,1642571536518,1642571536525,4,1642571536525,-1.017,0.235,-0.348,-0.039,-0.101,0.083,71
WATCH,1642571536528,1642571536535,4,1642571536535,-1.295,0.233,-0.405,-0.048,-0.089,0.080,71
WATCH,1642571536538,1642571536545,4,1642571536545,-1.568,0.240,-0.483,-0.063,-0.084,0.061,71
WATCH,1642571536548,1642571536555,4,1642571536555,-1.850,0.282,-0.568,-0.084,-0.097,0.068,71
WATCH,1642571536557,1642571536564,4,1642571536564,-2.138,0.350,-0.648,-0.106,-0.114,0.074,71
WATCH,1642571536568,1642571536575,4,1642571536575,-2.468,0.398,-0.721,-0.124,-0.110,0.089,71
WATCH,1642571536578,1642571536585,4,1642571536585,-2.893,0.446,-0.768,-0.143,-0.103,0.113,71
WATCH,1642571536587,1642571536594,4,1642571536594,-3.469,0.509,-0.816,-0.166,-0.118,0.127,71
WATCH,1642571536598,1642571536605,4,1642571536605,-4.180,0.631,-0.851,-0.192,-0.136,0.172,71
WATCH,1642571536607,1642571536614,4,1642571536614,-4.859,0.784,-0.865,-0.210,-0.153,0.190,71
WATCH,1642571536617,1642571536624,4,1642571536624,-5.551,0.955,-0.860,-0.224,-0.163,0.243,71
WATCH,1642571536628,1642571536635,4,1642571536635,-6.272,1.095,-0.879,-0.226,-0.179,0.269,71
WATCH,1642571536637,1642571536644,4,1642571536644,-6.950,1.231,-0.921,-0.227,-0.205,0.295,71
WATCH,1642571536647,1642571536654,4,1642571536654,-7.645,1.403,-0.971,-0.224,-0.213,0.349,71
WATCH,1642571536657,1642571536664,4,1642571536664,-8.349,1.674,-1.060,-0.217,-0.209,0.407,71
WATCH,1642571536667,1642571536674,4,1642571536674,-9.028,1.965,-1.260,-0.203,-0.207,0.442,71
WATCH,1642571536677,1642571536684,4,1642571536684,-9.548,2.248,-1.516,-0.170,-0.220,0.485,71
WATCH,1642571536687,1642571536694,4,1642571536694,-9.977,2.386,-1.725,-0.114,-0.257,0.498,71
WATCH,1642571536697,1642571536704,4,1642571536704,-10.189,2.337,-1.828,-0.052,-0.230,0.542,71
WATCH,1642571536707,1642571536714,4,1642571536714,-10.290,2.199,-1.798,-0.002,-0.099,0.584,71
WATCH,1642571536717,1642571536724,4,1642571536724,-10.122,1.937,-1.774,0.036,0.016,0.474,71
WATCH,1642571536727,1642571536734,4,1642571536734,-9.442,1.658,-1.666,0.063,0.150,0.365,71
WATCH,1642571536737,1642571536744,4,1642571536744,-8.460,1.434,-1.462,0.077,0.339,0.337,71
WATCH,1642571536747,1642571536754,4,1642571536754,-7.285,1.219,-1.338,0.139,0.452,0.253,71
WATCH,1642571536756,1642571536763,4,1642571536763,-6.055,0.979,-1.231,0.223,0.458,0.160,71
WATCH,1642571536766,1642571536773,4,1642571536773,-5.175,0.869,-0.972,0.229,0.419,0.136,71
WATCH,1642571536777,1642571536784,4,1642571536784,-4.520,0.753,-0.687,0.216,0.366,0.151,71
WATCH,1642571536786,1642571536793,4,1642571536793,-3.972,0.539,-0.510,0.166,0.373,0.141,71
WATCH,1642571536796,1642571536803,4,1642571536803,-3.441,0.312,-0.454,0.111,0.397,0.037,71
WATCH,1642571536806,1642571536813,4,1642571536813,-2.763,0.262,-0.405,0.067,0.397,-0.068,71
WATCH,1642571536816,1642571536823,4,1642571536823,-1.989,0.401,-0.294,0.067,0.400,-0.094,71
WATCH,1642571536826,1642571536833,4,1642571536833,-1.373,0.505,-0.251,0.105,0.337,-0.061,71
WATCH,1642571536836,1642571536843,4,1642571536843,-0.991,0.422,-0.292,0.144,0.212,0.026,71
WATCH,1642571536846,1642571536853,4,1642571536853,-0.850,0.243,-0.297,0.145,0.141,0.093,71
WATCH,1642571536856,1642571536863,4,1642571536863,-0.839,0.123,-0.244,0.117,0.138,0.072,71
WATCH,1642571536866,1642571536873,4,1642571536873,-0.732,0.070,-0.230,0.087,0.151,0.039,71
WATCH,1642571536876,1642571536883,4,1642571536883,-0.564,0.029,-0.218,0.073,0.180,0.022,71
WATCH,1642571536886,1642571536893,4,1642571536893,-0.370,-0.001,-0.196,0.062,0.168,0.019,71
WATCH,1642571536896,1642571536903,4,1642571536903,-0.188,-0.010,-0.185,0.060,0.157,0.039,71
WATCH,1642571536906,1642571536913,4,1642571536913,-0.083,-0.033,-0.152,0.068,0.142,0.048,71
WATCH,1642571536916,1642571536923,4,1642571536923,-0.091,-0.062,-0.121,0.073,0.061,0.054,71
WATCH,1642571536926,1642571536933,4,1642571536933,-0.129,-0.102,-0.135,0.050,0.016,0.068,71
WATCH,1642571536936,1642571536943,4,1642571536943,-0.196,-0.131,-0.116,0.046,0.016,0.053,71
WATCH,1642571536946,1642571536953,4,1642571536953,-0.157,-0.120,-0.080,0.041,0.027,0.026,71
WATCH,1642571536955,1642571536962,4,1642571536962,-0.056,-0.123,-0.068,0.027,0.042,-0.002,71
WATCH,1642571536965,1642571536972,4,1642571536972,0.034,-0.118,-0.053,0.016,0.040,-0.019,71
WATCH,1642571536975,1642571536982,4,1642571536982,0.099,-0.098,-0.034,0.002,0.026,-0.022,71
WATCH,1642571536985,1642571536992,4,1642571536992,0.151,-0.062,-0.012,-0.004,0.037,-0.004,71
WATCH,1642571536995,1642571537002,4,1642571537002,0.153,-0.066,0.005,-0.007,0.040,0.017,71
WATCH,1642571537005,1642571537012,4,1642571537012,0.104,-0.099,0.003,-0.017,-0.003,0.036,71
WATCH,1642571537015,1642571537022,4,1642571537022,0.039,-0.098,0.001,-0.030,-0.023,0.053,71
WATCH,1642571537025,1642571537032,4,1642571537032,-0.014,-0.096,0.001,-0.038,-0.010,0.049,71
WATCH,1642571537035,1642571537042,4,1642571537042,-0.015,-0.118,0.002,-0.032,-0.005,0.027,71
WATCH,1642571537045,1642571537052,4,1642571537052,0.009,-0.111,0.008,-0.022,-0.001,0.017,71
WATCH,1642571537055,1642571537062,4,1642571537062,0.026,-0.091,0.014,-0.013,-0.001,0.019,71
WATCH,1642571537065,1642571537072,4,1642571537072,0.025,-0.091,0.012,-0.007,-0.009,0.017,71
WATCH,1642571537075,1642571537082,4,1642571537082,-0.038,-0.094,0.010,-0.006,-0.037,0.024,71
WATCH,1642571537085,1642571537092,4,1642571537092,-0.091,-0.102,0.004,-0.007,-0.040,0.025,71
WATCH,1642571537095,1642571537102,4,1642571537102,-0.101,-0.117,0.001,-0.009,-0.008,0.008,71
WATCH,1642571537105,1642571537112,4,1642571537112,-0.172,-0.143,-0.033,-0.019,-0.049,-0.087,71
WATCH,1642571537115,1642571537122,4,1642571537122,0.010,-0.082,-0.109,-0.049,-0.111,-0.259,71
WATCH,1642571537125,1642571537132,4,1642571537132,0.157,0.161,-0.030,-0.044,0.102,-0.085,71
WATCH,1642571537135,1642571537142,4,1642571537142,0.258,0.140,-0.013,0.006,0.063,-0.068,71
WATCH,1642571537145,1642571537152,4,1642571537152,0.302,0.049,-0.042,-0.009,-0.026,0.032,71
WATCH,1642571537155,1642571537162,4,1642571537162,-0.002,0.010,-0.053,-0.041,-0.056,0.116,71
WATCH,1642571537164,1642571537171,4,1642571537171,-0.251,-0.005,-0.085,-0.040,-0.054,0.040,71
WATCH,1642571537174,1642571537181,4,1642571537181,-0.250,0.040,-0.093,-0.011,0.022,-0.024,71
WATCH,1642571537185,1642571537192,4,1642571537192,-0.082,0.070,-0.058,0.017,0.074,-0.040,71
WATCH,1642571537194,1642571537201,4,1642571537201,0.054,0.056,-0.011,0.025,0.045,-0.032,71
WATCH,1642571537204,1642571537211,4,1642571537211,0.036,0.074,-0.006,0.006,-0.010,-0.017,71
WATCH,1642571537214,1642571537221,4,1642571537221,-0.039,0.095,-0.022,0.005,-0.024,-0.014,71
WATCH,1642571537224,1642571537231,4,1642571537231,-0.065,0.100,-0.032,0.023,-0.009,-0.034,71
WATCH,1642571537234,1642571537241,4,1642571537241,-0.042,0.115,-0.024,0.031,0.015,-0.018,71
WATCH,1642571537244,1642571537251,4,1642571537251,-0.055,0.119,-0.012,0.028,0.017,0.008,71
WATCH,1642571537254,1642571537261,4,1642571537261,-0.106,0.076,-0.019,0.020,0.021,0.022,71
WATCH,1642571537264,1642571537271,4,1642571537271,-0.125,0.065,-0.003,0.017,0.040,0.016,71
WATCH,1642571537274,1642571537281,4,1642571537281,-0.100,0.064,0.027,0.014,0.060,-0.000,71
WATCH,1642571537284,1642571537291,4,1642571537291,-0.038,0.064,0.050,0.006,0.057,-0.015,71
WATCH,1642571537294,1642571537301,4,1642571537301,0.028,0.075,0.063,-0.000,0.029,-0.009,71
WATCH,1642571537304,1642571537311,4,1642571537311,0.032,0.073,0.068,-0.002,0.003,0.008,71
WATCH,1642571537314,1642571537321,4,1642571537321,0.027,0.055,0.053,-0.009,-0.004,0.005,71
WATCH,1642571537324,1642571537331,4,1642571537331,0.042,0.055,0.045,-0.003,0.007,-0.010,71
WATCH,1642571537333,1642571537340,4,1642571537340,0.051,0.067,0.053,-0.001,0.008,-0.010,71
WATCH,1642571537344,1642571537351,4,1642571537351,0.043,0.078,0.049,-0.008,0.001,-0.006,71
WATCH,1642571537354,1642571537361,4,1642571537361,0.027,0.075,0.047,-0.009,0.005,-0.001,71
WATCH,1642571537364,1642571537371,4,1642571537371,0.016,0.069,0.052,-0.008,0.004,-0.004,71
WATCH,1642571537373,1642571537380,4,1642571537380,0.022,0.079,0.063,-0.010,0.008,0.000,71
WATCH,1642571537384,1642571537391,4,1642571537391,0.019,0.080,0.081,-0.007,-0.001,0.010,71
WATCH,1642571537393,1642571537400,4,1642571537400,0.020,0.066,0.068,-0.002,-0.012,0.024,71
WATCH,1642571537403,1642571537410,4,1642571537410,0.014,0.056,0.055,0.004,-0.015,0.024,71
WATCH,1642571537414,1642571537421,4,1642571537421,0.018,0.052,0.055,0.009,-0.017,0.014,71
WATCH,1642571537423,1642571537430,4,1642571537430,0.019,0.062,0.063,0.009,-0.008,0.016,71
WATCH,1642571537433,1642571537440,4,1642571537440,0.030,0.063,0.069,0.001,-0.012,0.009,71
WATCH,1642571537443,1642571537450,4,1642571537450,0.035,0.067,0.062,-0.002,-0.019,0.001,71
WATCH,1642571537453,1642571537460,4,1642571537460,0.035,0.084,0.067,-0.002,-0.016,-0.003,71
WATCH,1642571537518,1642571537525,4,1642571537525,0.016,0.091,0.063,-0.000,-0.021,-0.013,71
WATCH,1642571537520,1642571537527,4,1642571537527,-0.000,0.086,0.048,-0.001,-0.035,-0.021,71
WATCH,1642571537520,1642571537527,4,1642571537527,-0.020,0.113,0.046,0.001,-0.028,-0.011,71
WATCH,1642571537520,1642571537527,4,1642571537527,-0.056,0.112,0.039,-0.000,-0.027,-0.002,71
WATCH,1642571537524,1642571537531,4,1642571537531,-0.067,0.098,0.019,-0.005,-0.029,-0.002,71
WATCH,1642571537524,1642571537531,4,1642571537531,-0.076,0.105,0.013,-0.005,-0.021,-0.006,71
WATCH,1642571537530,1642571537537,4,1642571537537,-0.063,0.108,0.015,-0.005,-0.008,-0.004,71
WATCH,1642571537533,1642571537540,4,1642571537540,-0.023,0.111,0.028,-0.009,0.004,0.004,71
WATCH,1642571537542,1642571537549,4,1642571537549,-0.005,0.115,0.023,-0.009,0.004,0.007,71
WATCH,1642571537553,1642571537560,4,1642571537560,0.023,0.119,0.033,0.000,0.001,0.012,71
WATCH,1642571537562,1642571537569,4,1642571537569,0.032,0.118,0.022,0.001,-0.007,0.012,71
WATCH,1642571537572,1642571537579,4,1642571537579,0.025,0.117,0.015,0.002,-0.020,0.010,71
WATCH,1642571537582,1642571537589,4,1642571537589,-0.011,0.114,0.005,0.006,-0.028,0.013,71
WATCH,1642571537592,1642571537599,4,1642571537599,-0.035,0.096,-0.008,0.008,-0.029,0.004,71
WATCH,1642571537602,1642571537609,4,1642571537609,-0.046,0.095,-0.025,-0.003,-0.029,0.000,71
WATCH,1642571537612,1642571537619,4,1642571537619,-0.049,0.100,-0.030,-0.004,-0.025,-0.001,71
WATCH,1642571537623,1642571537630,4,1642571537630,-0.051,0.096,-0.032,-0.001,-0.016,-0.000,71
WATCH,1642571537632,1642571537639,4,1642571537639,-0.040,0.106,-0.040,0.006,-0.014,0.004,71
WATCH,1642571537642,1642571537649,4,1642571537649,-0.029,0.109,-0.048,0.013,-0.010,0.017,71
WATCH,1642571537652,1642571537659,4,1642571537659,-0.019,0.108,-0.057,0.019,0.008,0.035,71
WATCH,1642571537662,1642571537669,4,1642571537669,0.006,0.096,-0.061,0.011,0.024,0.043,71
WATCH,1642571537672,1642571537679,4,1642571537679,0.029,0.079,-0.070,0.008,0.035,0.047,71
WATCH,1642571537682,1642571537689,4,1642571537689,0.046,0.057,-0.084,0.002,0.025,0.048,71
WATCH,1642571537692,1642571537699,4,1642571537699,0.022,0.023,-0.093,-0.007,0.000,0.043,71
WATCH,1642571537702,1642571537709,4,1642571537709,-0.024,0.012,-0.122,-0.011,-0.034,0.023,71
WATCH,1642571537712,1642571537719,4,1642571537719,-0.037,-0.001,-0.161,-0.001,-0.043,0.014,71
WATCH,1642571537722,1642571537729,4,1642571537729,-0.030,-0.022,-0.187,0.017,-0.041,0.005,71
WATCH,1642571537732,1642571537739,4,1642571537739,-0.012,-0.032,-0.198,0.031,-0.037,0.008,71
WATCH,1642571537741,1642571537748,4,1642571537748,0.011,-0.055,-0.217,0.039,-0.032,0.016,71
WATCH,1642571537752,1642571537759,4,1642571537759,0.019,-0.074,-0.236,0.042,-0.023,0.029,71
WATCH,1642571537762,1642571537769,4,1642571537769,0.029,-0.092,-0.233,0.041,-0.015,0.043,71
WATCH,1642571537771,1642571537778,4,1642571537778,0.041,-0.117,-0.236,0.037,-0.008,0.055,71
WATCH,1642571537781,1642571537788,4,1642571537788,0.040,-0.142,-0.241,0.032,0.001,0.060,71
WATCH,1642571537792,1642571537799,4,1642571537799,0.055,-0.169,-0.243,0.025,-0.016,0.080,71
WATCH,1642571537801,1642571537808,4,1642571537808,-0.008,-0.194,-0.249,0.023,-0.036,0.085,71
WATCH,1642571537811,1642571537818,4,1642571537818,-0.050,-0.197,-0.249,0.018,-0.049,0.068,71
WATCH,1642571537822,1642571537829,4,1642571537829,-0.069,-0.188,-0.260,0.010,-0.060,0.064,71
WATCH,1642571537831,1642571537838,4,1642571537838,-0.116,-0.194,-0.275,0.013,-0.053,0.075,71
WATCH,1642571537841,1642571537848,4,1642571537848,-0.160,-0.224,-0.286,0.019,-0.033,0.067,71
WATCH,1642571537851,1642571537858,4,1642571537858,-0.159,-0.247,-0.301,0.015,-0.008,0.057,71
WATCH,1642571537861,1642571537868,4,1642571537868,-0.163,-0.272,-0.296,0.012,0.016,0.046,71
WATCH,1642571537871,1642571537878,4,1642571537878,-0.138,-0.294,-0.280,0.006,0.034,0.022,71
WATCH,1642571537881,1642571537888,4,1642571537888,-0.104,-0.295,-0.256,-0.005,0.048,0.015,71
WATCH,1642571537891,1642571537898,4,1642571537898,-0.065,-0.307,-0.248,-0.016,0.052,0.007,71
WATCH,1642571537901,1642571537908,4,1642571537908,-0.008,-0.327,-0.238,-0.021,0.044,-0.001,71
WATCH,1642571537911,1642571537918,4,1642571537918,0.017,-0.325,-0.240,-0.023,0.026,-0.010,71
WATCH,1642571537920,1642571537927,4,1642571537927,0.042,-0.312,-0.252,-0.020,-0.008,-0.017,71
WATCH,1642571537930,1642571537937,4,1642571537937,0.021,-0.309,-0.273,-0.013,-0.020,-0.014,71
WATCH,1642571537940,1642571537947,4,1642571537947,0.006,-0.319,-0.268,-0.007,-0.007,-0.007,71
WATCH,1642571537950,1642571537957,4,1642571537957,0.007,-0.326,-0.276,-0.003,0.006,-0.005,71
WATCH,1642571537960,1642571537967,4,1642571537967,0.010,-0.346,-0.276,-0.005,0.023,0.004,71
WATCH,1642571537970,1642571537977,4,1642571537977,0.008,-0.359,-0.270,-0.003,0.028,-0.007,71
WATCH,1642571537981,1642571537988,4,1642571537988,0.026,-0.363,-0.248,-0.005,0.037,-0.012,71
WATCH,1642571537990,1642571537997,4,1642571537997,0.025,-0.361,-0.231,-0.009,0.037,-0.028,71
WATCH,1642571538000,1642571538007,4,1642571538007,0.035,-0.338,-0.223,-0.012,0.024,-0.047,71
WATCH,1642571538010,1642571538017,4,1642571538017,0.058,-0.299,-0.216,-0.009,0.010,-0.040,71
WATCH,1642571538020,1642571538027,4,1642571538027,0.069,-0.282,-0.211,0.001,-0.001,-0.025,71
WATCH,1642571538030,1642571538037,4,1642571538037,0.076,-0.284,-0.215,0.003,-0.006,-0.015,71
WATCH,1642571538040,1642571538047,4,1642571538047,0.077,-0.280,-0.216,-0.001,-0.007,-0.005,71
WATCH,1642571538050,1642571538057,4,1642571538057,0.065,-0.276,-0.224,0.001,-0.009,-0.006,71
WATCH,1642571538060,1642571538067,4,1642571538067,0.055,-0.281,-0.237,0.006,-0.007,-0.012,71
WATCH,1642571538070,1642571538077,4,1642571538077,0.049,-0.269,-0.222,0.017,0.010,-0.027,71
WATCH,1642571538080,1642571538087,4,1642571538087,0.065,-0.253,-0.213,0.031,0.018,-0.037,71
WATCH,1642571538090,1642571538097,4,1642571538097,0.111,-0.237,-0.200,0.038,0.019,-0.029,71
WATCH,1642571538100,1642571538107,4,1642571538107,0.121,-0.236,-0.192,0.037,0.012,-0.016,71
WATCH,1642571538110,1642571538117,4,1642571538117,0.100,-0.242,-0.186,0.033,0.001,-0.017,71
WATCH,1642571538120,1642571538127,4,1642571538127,0.102,-0.238,-0.175,0.023,-0.010,-0.014,71
WATCH,1642571538129,1642571538136,4,1642571538136,0.104,-0.232,-0.181,0.016,-0.017,-0.008,71
WATCH,1642571538139,1642571538146,4,1642571538146,0.093,-0.214,-0.184,0.015,-0.018,0.002,71
WATCH,1642571538149,1642571538156,4,1642571538156,0.078,-0.212,-0.194,0.018,-0.014,0.012,71
WATCH,1642571538159,1642571538166,4,1642571538166,0.045,-0.213,-0.204,0.023,-0.013,0.007,71
WATCH,1642571538169,1642571538176,4,1642571538176,0.022,-0.213,-0.189,0.029,0.003,-0.001,71
WATCH,1642571538179,1642571538186,4,1642571538186,0.038,-0.210,-0.166,0.031,0.023,-0.015,71
WATCH,1642571538189,1642571538196,4,1642571538196,0.079,-0.203,-0.149,0.031,0.032,-0.028,71
WATCH,1642571538199,1642571538206,4,1642571538206,0.126,-0.197,-0.130,0.027,0.028,-0.029,71
WATCH,1642571538209,1642571538216,4,1642571538216,0.151,-0.194,-0.115,0.021,0.012,-0.018,71
WATCH,1642571538219,1642571538226,4,1642571538226,0.139,-0.192,-0.108,0.016,0.003,-0.008,71
WATCH,1642571538229,1642571538236,4,1642571538236,0.125,-0.190,-0.086,0.011,0.015,0.004,71
WATCH,1642571538239,1642571538246,4,1642571538246,0.109,-0.176,-0.063,0.009,0.017,0.006,71
WATCH,1642571538249,1642571538256,4,1642571538256,0.091,-0.179,-0.056,0.004,0.003,0.009,71
WATCH,1642571538259,1642571538266,4,1642571538266,0.065,-0.173,-0.047,-0.001,-0.004,0.005,71
WATCH,1642571538269,1642571538276,4,1642571538276,0.049,-0.161,-0.029,-0.004,-0.010,0.006,71
WATCH,1642571538279,1642571538286,4,1642571538286,0.029,-0.156,-0.024,-0.012,-0.014,-0.000,71
WATCH,1642571538289,1642571538296,4,1642571538296,0.021,-0.156,-0.022,-0.017,-0.016,-0.009,71
WATCH,1642571538298,1642571538305,4,1642571538305,0.015,-0.147,-0.019,-0.024,-0.017,-0.013,71
WATCH,1642571538308,1642571538315,4,1642571538315,0.011,-0.130,-0.027,-0.025,-0.014,-0.017,71
WATCH,1642571538319,1642571538326,4,1642571538326,0.003,-0.111,-0.034,-0.020,-0.002,-0.008,71
WATCH,1642571538328,1642571538335,4,1642571538335,0.005,-0.111,-0.045,-0.009,0.004,-0.011,71
WATCH,1642571538338,1642571538345,4,1642571538345,0.031,-0.114,-0.051,0.002,0.010,-0.009,71
WATCH,1642571538349,1642571538356,4,1642571538356,0.046,-0.121,-0.038,0.006,0.018,-0.000,71
WATCH,1642571538358,1642571538365,4,1642571538365,0.045,-0.137,-0.041,0.006,0.013,-0.005,71
WATCH,1642571538368,1642571538375,4,1642571538375,0.038,-0.126,-0.043,0.008,0.000,-0.010,71
WATCH,1642571538379,1642571538386,4,1642571538386,0.025,-0.118,-0.038,0.014,-0.001,-0.014,71
WATCH,1642571538388,1642571538395,4,1642571538395,0.021,-0.115,-0.024,0.016,0.001,-0.018,71
WATCH,1642571538398,1642571538405,4,1642571538405,0.032,-0.101,-0.018,0.008,0.005,-0.014,71
WATCH,1642571538408,1642571538415,4,1642571538415,0.050,-0.091,-0.014,0.003,0.002,-0.011,71
WATCH,1642571538418,1642571538425,4,1642571538425,0.062,-0.091,-0.016,-0.002,0.000,0.001,71
WATCH,1642571538428,1642571538435,4,1642571538435,0.065,-0.093,-0.014,-0.000,0.000,0.002,71
WATCH,1642571538438,1642571538445,4,1642571538445,0.059,-0.089,-0.007,0.005,-0.002,0.005,71
WATCH,1642571538448,1642571538455,4,1642571538455,0.035,-0.091,-0.007,0.008,-0.007,0.013,71
WATCH,1642571538458,1642571538465,4,1642571538465,-0.003,-0.098,-0.004,0.011,-0.008,0.016,71
WATCH,1642571538468,1642571538475,4,1642571538475,-0.022,-0.118,-0.008,0.009,-0.001,0.014,71
WATCH,1642571538478,1642571538485,4,1642571538485,-0.021,-0.125,-0.013,0.008,0.009,0.005,71
WATCH,1642571538488,1642571538495,4,1642571538495,0.005,-0.123,-0.009,0.009,0.012,-0.001,71
WATCH,1642571538498,1642571538505,4,1642571538505,0.022,-0.121,-0.015,0.009,0.011,-0.006,71
WATCH,1642571538507,1642571538514,4,1642571538514,0.035,-0.117,-0.013,0.012,0.001,-0.003,71
WATCH,1642571538517,1642571538524,4,1642571538524,0.049,-0.103,-0.024,0.015,-0.007,-0.003,71
WATCH,1642571538528,1642571538535,4,1642571538535,0.051,-0.100,-0.031,0.018,-0.003,0.016,71
WATCH,1642571538537,1642571538544,4,1642571538544,0.048,-0.112,-0.040,0.021,-0.002,0.028,71
WATCH,1642571538547,1642571538554,4,1642571538554,0.045,-0.140,-0.046,0.019,-0.010,0.033,71
WATCH,1642571538558,1642571538565,4,1642571538565,0.046,-0.150,-0.048,0.017,-0.009,0.034,71
WATCH,1642571538567,1642571538574,4,1642571538574,0.034,-0.165,-0.058,0.019,-0.008,0.030,71
WATCH,1642571538577,1642571538584,4,1642571538584,0.039,-0.164,-0.059,0.014,-0.009,0.024,71
WATCH,1642571538587,1642571538594,4,1642571538594,0.044,-0.162,-0.057,0.012,-0.014,0.018,71
WATCH,1642571538597,1642571538604,4,1642571538604,0.044,-0.156,-0.053,0.004,-0.016,0.023,71
WATCH,1642571538607,1642571538614,4,1642571538614,0.027,-0.166,-0.060,0.002,-0.026,0.029,71
WATCH,1642571538617,1642571538624,4,1642571538624,-0.007,-0.171,-0.067,0.000,-0.025,0.031,71
WATCH,1642571538627,1642571538634,4,1642571538634,-0.038,-0.179,-0.068,0.002,-0.007,0.030,71
WATCH,1642571538637,1642571538644,4,1642571538644,-0.023,-0.192,-0.066,0.004,0.013,0.016,71
WATCH,1642571538647,1642571538654,4,1642571538654,0.002,-0.188,-0.052,-0.005,0.023,0.007,71
WATCH,1642571538657,1642571538664,4,1642571538664,0.010,-0.190,-0.039,-0.016,0.020,0.009,71
WATCH,1642571538666,1642571538673,4,1642571538673,0.017,-0.197,-0.036,-0.023,0.007,0.004,71
WATCH,1642571538676,1642571538683,4,1642571538683,0.014,-0.191,-0.027,-0.029,-0.000,0.001,71
WATCH,1642571538687,1642571538694,4,1642571538694,0.020,-0.190,-0.025,-0.034,-0.007,-0.002,71
WATCH,1642571538696,1642571538703,4,1642571538703,0.020,-0.178,-0.025,-0.035,-0.014,-0.003,71
WATCH,1642571538706,1642571538713,4,1642571538713,0.015,-0.167,-0.021,-0.033,-0.011,-0.002,71
WATCH,1642571538716,1642571538723,4,1642571538723,0.011,-0.156,-0.017,-0.024,-0.006,0.002,71
WATCH,1642571538726,1642571538733,4,1642571538733,0.014,-0.157,-0.013,-0.022,-0.001,0.004,71
WATCH,1642571538736,1642571538743,4,1642571538743,0.009,-0.143,-0.010,-0.020,0.006,0.007,71
WATCH,1642571538746,1642571538753,4,1642571538753,-0.004,-0.149,0.006,-0.016,0.015,0.002,71
WATCH,1642571538756,1642571538763,4,1642571538763,-0.006,-0.146,0.012,-0.018,0.009,-0.011,71
WATCH,1642571538766,1642571538773,4,1642571538773,-0.006,-0.119,0.012,-0.020,-0.001,-0.015,71
WATCH,1642571538776,1642571538783,4,1642571538783,0.000,-0.108,0.012,-0.014,-0.011,-0.010,71
WATCH,1642571538786,1642571538793,4,1642571538793,-0.001,-0.096,-0.000,-0.007,-0.021,-0.010,71
WATCH,1642571538796,1642571538803,4,1642571538803,-0.001,-0.087,-0.011,-0.000,-0.026,-0.003,71
WATCH,1642571538806,1642571538813,4,1642571538813,-0.011,-0.092,-0.017,0.005,-0.020,0.007,71
WATCH,1642571538816,1642571538823,4,1642571538823,-0.029,-0.102,-0.022,-0.001,-0.010,0.013,71
WATCH,1642571538826,1642571538833,4,1642571538833,-0.025,-0.113,-0.037,-0.007,-0.006,0.006,71
WATCH,1642571538835,1642571538842,4,1642571538842,-0.030,-0.104,-0.038,-0.006,0.006,0.004,71
WATCH,1642571538845,1642571538852,4,1642571538852,-0.008,-0.105,-0.039,-0.007,0.011,-0.001,71
WATCH,1642571538855,1642571538862,4,1642571538862,-0.007,-0.104,-0.041,-0.008,0.013,-0.005,71
WATCH,1642571538866,1642571538873,4,1642571538873,0.006,-0.100,-0.045,-0.013,0.007,-0.014,71
WATCH,1642571538876,1642571538883,4,1642571538883,0.019,-0.088,-0.055,-0.008,0.003,-0.017,71
WATCH,1642571538885,1642571538892,4,1642571538892,0.039,-0.078,-0.059,-0.003,-0.000,-0.010,71
WATCH,1642571538895,1642571538902,4,1642571538902,0.054,-0.077,-0.069,-0.001,-0.007,0.000,71
WATCH,1642571538906,1642571538913,4,1642571538913,0.032,-0.091,-0.084,0.000,-0.017,0.015,71
WATCH,1642571538915,1642571538922,4,1642571538922,0.003,-0.105,-0.087,0.004,-0.023,0.018,71
WATCH,1642571538925,1642571538932,4,1642571538932,-0.016,-0.120,-0.096,0.003,-0.006,0.018,71
WATCH,1642571538935,1642571538942,4,1642571538942,-0.010,-0.122,-0.089,0.006,0.007,0.018,71
WATCH,1642571538945,1642571538952,4,1642571538952,-0.005,-0.122,-0.083,0.013,0.004,0.016,71
WATCH,1642571538955,1642571538962,4,1642571538962,0.003,-0.117,-0.079,0.012,0.008,0.027,71
WATCH,1642571538965,1642571538972,4,1642571538972,0.001,-0.116,-0.073,0.012,0.015,0.037,71
WATCH,1642571538975,1642571538982,4,1642571538982,-0.001,-0.135,-0.069,0.012,0.009,0.031,71
WATCH,1642571538985,1642571538992,4,1642571538992,-0.002,-0.144,-0.062,0.010,0.006,0.033,71
WATCH,1642571538995,1642571539002,4,1642571539002,-0.013,-0.157,-0.064,0.008,0.004,0.029,71
WATCH,1642571539005,1642571539012,4,1642571539012,-0.009,-0.184,-0.061,0.004,-0.003,0.020,71
WATCH,1642571539015,1642571539022,4,1642571539022,-0.023,-0.189,-0.053,0.001,-0.014,0.014,71
WATCH,1642571539025,1642571539032,4,1642571539032,-0.046,-0.194,-0.052,-0.001,-0.019,0.009,71
WATCH,1642571539035,1642571539042,4,1642571539042,-0.052,-0.203,-0.064,-0.001,-0.015,0.004,71
WATCH,1642571539045,1642571539052,4,1642571539052,-0.057,-0.193,-0.053,0.001,-0.002,0.006,71
WATCH,1642571539055,1642571539062,4,1642571539062,-0.052,-0.202,-0.049,-0.003,0.008,0.007,71
WATCH,1642571539064,1642571539071,4,1642571539071,-0.041,-0.201,-0.044,-0.009,0.016,0.010,71
WATCH,1642571539074,1642571539081,4,1642571539081,-0.024,-0.197,-0.034,-0.014,0.018,0.008,71
WATCH,1642571539084,1642571539091,4,1642571539091,-0.010,-0.202,-0.031,-0.019,0.006,0.003,71
WATCH,1642571539094,1642571539101,4,1642571539101,-0.018,-0.204,-0.044,-0.023,-0.009,-0.001,71
WATCH,1642571539104,1642571539111,4,1642571539111,-0.032,-0.195,-0.053,-0.021,-0.022,-0.012,71
WATCH,1642571539114,1642571539121,4,1642571539121,-0.038,-0.193,-0.058,-0.015,-0.022,-0.020,71
WATCH,1642571539124,1642571539131,4,1642571539131,-0.041,-0.199,-0.054,-0.016,-0.011,-0.028,71
WATCH,1642571539134,1642571539141,4,1642571539141,-0.027,-0.182,-0.052,-0.018,-0.005,-0.034,71
WATCH,1642571539144,1642571539151,4,1642571539151,-0.011,-0.167,-0.049,-0.018,-0.002,-0.029,71
WATCH,1642571539154,1642571539161,4,1642571539161,-0.001,-0.166,-0.048,-0.021,0.001,-0.021,71
WATCH,1642571539164,1642571539171,4,1642571539171,0.002,-0.160,-0.052,-0.022,-0.002,-0.019,71
WATCH,1642571539174,1642571539181,4,1642571539181,-0.006,-0.133,-0.051,-0.019,-0.005,-0.016,71
WATCH,1642571539184,1642571539191,4,1642571539191,-0.011,-0.119,-0.060,-0.012,-0.011,-0.015,71
WATCH,1642571539194,1642571539201,4,1642571539201,-0.042,-0.112,-0.066,-0.002,-0.017,-0.014,71
WATCH,1642571539204,1642571539211,4,1642571539211,-0.062,-0.104,-0.071,0.005,-0.017,-0.010,71
WATCH,1642571539214,1642571539221,4,1642571539221,-0.098,-0.113,-0.081,0.007,-0.010,-0.008,71
WATCH,1642571539224,1642571539231,4,1642571539231,-0.095,-0.125,-0.094,0.007,0.003,-0.015,71
WATCH,1642571539233,1642571539240,4,1642571539240,-0.071,-0.116,-0.090,0.007,0.018,-0.015,71
WATCH,1642571539243,1642571539250,4,1642571539250,-0.047,-0.118,-0.093,0.010,0.015,-0.019,71
WATCH,1642571539253,1642571539260,4,1642571539260,-0.027,-0.117,-0.101,0.016,0.011,-0.015,71
WATCH,1642571539263,1642571539270,4,1642571539270,-0.016,-0.122,-0.091,0.018,0.011,-0.013,71
WATCH,1642571539273,1642571539280,4,1642571539280,0.002,-0.112,-0.084,0.013,0.018,-0.015,71
WATCH,1642571539284,1642571539291,4,1642571539291,0.017,-0.108,-0.076,0.008,0.023,-0.014,71
WATCH,1642571539293,1642571539300,4,1642571539300,0.040,-0.114,-0.067,0.002,0.024,-0.011,71
WATCH,1642571539303,1642571539310,4,1642571539310,0.062,-0.118,-0.066,-0.006,0.016,-0.010,71
WATCH,1642571539313,1642571539320,4,1642571539320,0.058,-0.111,-0.066,-0.010,0.003,-0.008,71
WATCH,1642571539323,1642571539330,4,1642571539330,0.047,-0.097,-0.068,-0.009,-0.013,-0.002,71
WATCH,1642571539333,1642571539340,4,1642571539340,0.009,-0.090,-0.082,-0.005,-0.027,0.003,71
WATCH,1642571539343,1642571539350,4,1642571539350,-0.021,-0.092,-0.084,0.007,-0.020,0.003,71
WATCH,1642571539353,1642571539360,4,1642571539360,-0.050,-0.101,-0.086,0.014,-0.009,-0.006,71
WATCH,1642571539363,1642571539370,4,1642571539370,-0.033,-0.100,-0.076,0.013,0.007,-0.004,71
WATCH,1642571539373,1642571539380,4,1642571539380,-0.026,-0.088,-0.068,0.012,0.020,-0.003,71
WATCH,1642571539383,1642571539390,4,1642571539390,-0.005,-0.099,-0.061,0.012,0.024,-0.006,71
WATCH,1642571539393,1642571539400,4,1642571539400,0.031,-0.098,-0.046,0.009,0.040,-0.008,71
WATCH,1642571539403,1642571539410,4,1642571539410,0.098,-0.108,-0.037,0.004,0.048,-0.020,71
WATCH,1642571539413,1642571539420,4,1642571539420,0.190,-0.099,-0.030,0.002,0.047,-0.029,71
WATCH,1642571539423,1642571539430,4,1642571539430,0.256,-0.099,-0.023,0.001,0.037,-0.031,71
WATCH,1642571539433,1642571539440,4,1642571539440,0.288,-0.100,-0.036,0.001,0.004,-0.021,71
WATCH,1642571539442,1642571539449,4,1642571539449,0.260,-0.103,-0.049,-0.001,-0.019,-0.004,71
WATCH,1642571539452,1642571539459,4,1642571539459,0.206,-0.121,-0.043,0.002,-0.020,0.006,71
WATCH,1642571539463,1642571539470,4,1642571539470,0.180,-0.125,-0.038,0.002,-0.015,-0.003,71
WATCH,1642571539472,1642571539479,4,1642571539479,0.169,-0.130,-0.045,0.002,-0.007,-0.011,71
WATCH,1642571539482,1642571539489,4,1642571539489,0.171,-0.116,-0.042,0.003,-0.003,-0.005,71
WATCH,1642571539493,1642571539500,4,1642571539500,0.165,-0.111,-0.033,0.004,0.004,-0.002,71
WATCH,1642571539502,1642571539509,4,1642571539509,0.171,-0.109,-0.036,0.004,0.008,-0.008,71
WATCH,1642571539512,1642571539519,4,1642571539519,0.208,-0.107,-0.012,-0.001,0.020,-0.013,71
WATCH,1642571539522,1642571539529,4,1642571539529,0.267,-0.096,0.005,-0.006,0.028,-0.014,71
WATCH,1642571539532,1642571539539,4,1642571539539,0.288,-0.086,0.003,-0.012,0.007,-0.019,71
WATCH,1642571539542,1642571539549,4,1642571539549,0.281,-0.073,-0.030,-0.012,-0.039,-0.016,71
WATCH,1642571539552,1642571539559,4,1642571539559,0.218,-0.033,-0.045,-0.005,-0.061,0.006,71
WATCH,1642571539562,1642571539569,4,1642571539569,0.112,-0.037,-0.056,0.007,-0.058,0.016,71
WATCH,1642571539572,1642571539579,4,1642571539579,0.033,-0.066,-0.061,0.020,-0.036,0.014,71
WATCH,1642571539582,1642571539589,4,1642571539589,0.004,-0.098,-0.054,0.019,-0.003,0.007,71
WATCH,1642571539592,1642571539599,4,1642571539599,0.020,-0.108,-0.049,0.007,0.027,0.004,71
WATCH,1642571539602,1642571539609,4,1642571539609,0.080,-0.106,-0.034,0.002,0.052,-0.007,71
WATCH,1642571539612,1642571539619,4,1642571539619,0.216,-0.108,-0.007,0.007,0.087,-0.019,71
WATCH,1642571539621,1642571539628,4,1642571539628,0.387,-0.112,0.016,0.012,0.115,-0.037,71
WATCH,1642571539632,1642571539639,4,1642571539639,0.617,-0.115,0.039,0.016,0.125,-0.049,71
WATCH,1642571539642,1642571539649,4,1642571539649,0.856,-0.119,0.060,0.021,0.144,-0.045,71
WATCH,1642571539651,1642571539658,4,1642571539658,1.088,-0.135,0.076,0.028,0.164,-0.039,71
WATCH,1642571539661,1642571539668,4,1642571539668,1.302,-0.170,0.070,0.044,0.166,-0.039,71
WATCH,1642571539672,1642571539679,4,1642571539679,1.462,-0.202,0.074,0.068,0.156,-0.033,71
WATCH,1642571539681,1642571539688,4,1642571539688,1.713,-0.253,0.098,0.091,0.150,-0.010,71
WATCH,1642571539691,1642571539698,4,1642571539698,2.104,-0.359,0.186,0.109,0.189,0.021,71
WATCH,1642571539702,1642571539709,4,1642571539709,2.541,-0.536,0.277,0.113,0.228,-0.020,71
WATCH,1642571539711,1642571539718,4,1642571539718,3.157,-0.721,0.342,0.109,0.281,-0.052,71
WATCH,1642571539721,1642571539728,4,1642571539728,3.632,-0.780,0.418,0.110,0.313,-0.069,71
WATCH,1642571539731,1642571539738,4,1642571539738,4.077,-0.770,0.498,0.107,0.298,-0.063,71
WATCH,1642571539741,1642571539748,4,1642571539748,4.457,-0.758,0.524,0.094,0.248,-0.011,71
WATCH,1642571539751,1642571539758,4,1642571539758,4.731,-0.835,0.520,0.092,0.170,0.028,71
WATCH,1642571539761,1642571539768,4,1642571539768,4.918,-0.988,0.533,0.105,0.101,0.049,71
WATCH,1642571539771,1642571539778,4,1642571539778,5.220,-1.189,0.604,0.131,0.110,0.071,71
WATCH,1642571539781,1642571539788,4,1642571539788,5.521,-1.409,0.720,0.148,0.155,0.016,71
WATCH,1642571539791,1642571539798,4,1642571539798,6.043,-1.649,0.781,0.146,0.227,-0.034,71
WATCH,1642571539801,1642571539808,4,1642571539808,6.561,-1.745,0.827,0.119,0.285,-0.031,71
WATCH,1642571539810,1642571539817,4,1642571539817,7.049,-1.628,0.846,0.077,0.273,-0.022,71
WATCH,1642571539820,1642571539827,4,1642571539827,7.401,-1.345,0.882,0.035,0.207,-0.007,71
WATCH,1642571539830,1642571539837,4,1642571539837,7.697,-1.045,0.932,0.020,0.161,0.031,71
WATCH,1642571539840,1642571539847,4,1642571539847,7.795,-0.907,0.992,0.040,0.124,0.089,71
WATCH,1642571539850,1642571539857,4,1642571539857,7.763,-0.952,1.101,0.079,0.110,0.108,71
WATCH,1642571539860,1642571539867,4,1642571539867,7.723,-1.021,1.229,0.081,0.118,0.168,71
WATCH,1642571539870,1642571539877,4,1642571539877,7.681,-1.010,1.370,0.057,0.135,0.193,71
WATCH,1642571539880,1642571539887,4,1642571539887,7.773,-0.979,1.492,0.031,0.127,0.215,71
WATCH,1642571539890,1642571539897,4,1642571539897,7.788,-0.966,1.550,0.020,0.091,0.249,71
WATCH,1642571539900,1642571539907,4,1642571539907,7.758,-1.030,1.577,0.023,0.071,0.286,71
WATCH,1642571539910,1642571539917,4,1642571539917,7.694,-1.043,1.599,0.011,0.089,0.282,71
WATCH,1642571539920,1642571539927,4,1642571539927,7.509,-1.015,1.661,-0.009,0.131,0.328,71
WATCH,1642571539930,1642571539937,4,1642571539937,7.288,-1.041,1.719,-0.033,0.081,0.323,71
WATCH,1642571539940,1642571539947,4,1642571539947,6.881,-1.129,1.651,-0.061,-0.037,0.365,71
WATCH,1642571539950,1642571539957,4,1642571539957,5.985,-1.162,1.494,-0.086,-0.133,0.404,71
WATCH,1642571539959,1642571539966,4,1642571539966,4.759,-1.112,1.358,-0.096,-0.218,0.364,71
WATCH,1642571539970,1642571539977,4,1642571539977,3.724,-1.017,1.242,-0.113,-0.250,0.286,71
WATCH,1642571539979,1642571539986,4,1642571539986,2.884,-0.955,1.127,-0.119,-0.220,0.243,71
WATCH,1642571539989,1642571539996,4,1642571539996,2.279,-0.886,1.017,-0.129,-0.135,0.217,71
WATCH,1642571539999,1642571540006,4,1642571540006,1.885,-0.806,0.937,-0.136,-0.000,0.159,71
WATCH,1642571540009,1642571540016,4,1642571540016,1.738,-0.747,0.875,-0.137,0.085,0.126,71
WATCH,1642571540019,1642571540026,4,1642571540026,1.696,-0.714,0.817,-0.131,0.078,0.102,71
WATCH,1642571540029,1642571540036,4,1642571540036,1.590,-0.672,0.702,-0.126,0.018,0.076,71
WATCH,1642571540039,1642571540046,4,1642571540046,1.350,-0.574,0.537,-0.115,-0.044,0.070,71
WATCH,1642571540049,1642571540056,4,1642571540056,1.016,-0.455,0.403,-0.098,-0.078,0.063,71
WATCH,1642571540059,1642571540066,4,1642571540066,0.724,-0.367,0.335,-0.076,-0.068,0.082,71
WATCH,1642571540069,1642571540076,4,1642571540076,0.514,-0.305,0.307,-0.058,-0.024,0.084,71
WATCH,1642571540079,1642571540086,4,1642571540086,0.423,-0.242,0.264,-0.038,0.034,0.078,71
WATCH,1642571540089,1642571540096,4,1642571540096,0.443,-0.212,0.217,-0.008,0.079,0.059,71
WATCH,1642571540099,1642571540106,4,1642571540106,0.493,-0.194,0.196,0.001,0.087,0.055,71
WATCH,1642571540111,1642571540118,4,1642571540118,0.491,-0.154,0.179,-0.004,0.068,0.051,71
WATCH,1642571540123,1642571540130,4,1642571540130,0.430,-0.120,0.161,-0.004,0.049,0.045,71
WATCH,1642571540130,1642571540137,4,1642571540137,0.348,-0.099,0.157,-0.012,0.036,0.027,71
WATCH,1642571540139,1642571540146,4,1642571540146,0.263,-0.077,0.163,-0.022,0.020,0.026,71
WATCH,1642571540148,1642571540155,4,1642571540155,0.171,-0.056,0.169,-0.026,0.007,0.016,71
WATCH,1642571540158,1642571540165,4,1642571540165,0.095,-0.056,0.164,-0.018,0.015,0.028,71
WATCH,1642571540169,1642571540176,4,1642571540176,0.053,-0.060,0.172,-0.018,0.036,0.032,71
WATCH,1642571540178,1642571540185,4,1642571540185,0.045,-0.054,0.169,-0.025,0.051,0.021,71
WATCH,1642571540188,1642571540195,4,1642571540195,0.088,-0.061,0.159,-0.026,0.060,0.035,71
WATCH,1642571540199,1642571540206,4,1642571540206,0.147,-0.091,0.156,-0.031,0.075,0.018,71
WATCH,1642571540208,1642571540215,4,1642571540215,0.209,-0.103,0.158,-0.042,0.076,0.001,71
WATCH,1642571540218,1642571540225,4,1642571540225,0.255,-0.085,0.179,-0.055,0.071,-0.058,71
WATCH,1642571540228,1642571540235,4,1642571540235,0.346,-0.090,0.198,-0.051,0.053,0.085,71
WATCH,1642571540239,1642571540246,4,1642571540246,0.339,-0.122,0.176,-0.041,-0.053,-0.033,71
WATCH,1642571540248,1642571540255,4,1642571540255,0.074,-0.063,0.098,-0.045,-0.103,0.030,71
WATCH,1642571540258,1642571540265,4,1642571540265,-0.100,-0.034,0.080,-0.032,-0.099,0.032,71
WATCH,1642571540268,1642571540275,4,1642571540275,-0.169,-0.048,0.079,-0.015,-0.046,0.043,71
WATCH,1642571540278,1642571540285,4,1642571540285,-0.151,-0.068,0.074,-0.009,-0.011,0.055,71
WATCH,1642571540288,1642571540295,4,1642571540295,-0.122,-0.106,0.078,-0.011,0.008,0.065,71
WATCH,1642571540298,1642571540305,4,1642571540305,-0.104,-0.122,0.079,-0.016,0.023,0.051,71
WATCH,1642571540308,1642571540315,4,1642571540315,-0.033,-0.130,0.106,-0.024,0.017,0.024,71
WATCH,1642571540318,1642571540325,4,1642571540325,0.017,-0.167,0.104,-0.032,-0.000,-0.002,71
WATCH,1642571540328,1642571540335,4,1642571540335,0.009,-0.176,0.086,-0.038,-0.017,-0.012,71
WATCH,1642571540338,1642571540345,4,1642571540345,-0.024,-0.140,0.055,-0.033,-0.023,-0.035,71
WATCH,1642571540348,1642571540355,4,1642571540355,-0.053,-0.117,0.031,-0.032,-0.011,-0.048,71
WATCH,1642571540357,1642571540364,4,1642571540364,-0.083,-0.100,0.012,-0.029,0.001,-0.036,71
WATCH,1642571540368,1642571540375,4,1642571540375,-0.105,-0.083,0.020,-0.028,-0.005,-0.024,71
WATCH,1642571540377,1642571540384,4,1642571540384,-0.098,-0.075,0.034,-0.023,-0.016,-0.012,71
WATCH,1642571540387,1642571540394,4,1642571540394,-0.097,-0.085,0.028,-0.021,-0.025,0.019,71
WATCH,1642571540397,1642571540404,4,1642571540404,-0.077,-0.094,0.009,-0.024,-0.038,0.026,71
WATCH,1642571540407,1642571540414,4,1642571540414,-0.057,-0.118,-0.004,-0.024,-0.047,0.014,71
WATCH,1642571540417,1642571540424,4,1642571540424,-0.036,-0.114,-0.023,-0.024,-0.047,-0.005,71
WATCH,1642571540427,1642571540434,4,1642571540434,-0.027,-0.094,-0.059,-0.023,-0.036,-0.008,71
WATCH,1642571540437,1642571540444,4,1642571540444,-0.014,-0.077,-0.081,-0.015,-0.028,-0.017,71
WATCH,1642571540447,1642571540454,4,1642571540454,-0.017,-0.068,-0.096,-0.008,-0.031,-0.021,71
WATCH,1642571540457,1642571540464,4,1642571540464,-0.036,-0.051,-0.110,-0.005,-0.039,-0.026,71
WATCH,1642571540467,1642571540474,4,1642571540474,-0.063,-0.034,-0.105,0.002,-0.043,-0.030,71
WATCH,1642571540477,1642571540484,4,1642571540484,-0.069,-0.027,-0.088,0.004,-0.052,-0.028,71
WATCH,1642571540487,1642571540494,4,1642571540494,-0.069,-0.024,-0.089,-0.001,-0.076,-0.010,71
WATCH,1642571540496,1642571540503,4,1642571540503,-0.093,-0.019,-0.109,-0.021,-0.111,-0.004,71
WATCH,1642571540507,1642571540514,4,1642571540514,-0.150,-0.009,-0.173,-0.045,-0.131,0.001,71
WATCH,1642571540517,1642571540524,4,1642571540524,-0.246,0.024,-0.246,-0.059,-0.118,0.002,71
WATCH,1642571540527,1642571540534,4,1642571540534,-0.302,0.063,-0.287,-0.059,-0.087,0.010,71
WATCH,1642571540537,1642571540544,4,1642571540544,-0.296,0.076,-0.321,-0.060,-0.062,0.007,71
WATCH,1642571540547,1642571540554,4,1642571540554,-0.245,0.079,-0.354,-0.069,-0.049,0.033,71
WATCH,1642571540556,1642571540563,4,1642571540563,-0.221,0.071,-0.394,-0.080,-0.051,0.027,71
WATCH,1642571540566,1642571540573,4,1642571540573,-0.279,0.088,-0.435,-0.085,-0.063,0.043,71
WATCH,1642571540577,1642571540584,4,1642571540584,-0.395,0.124,-0.470,-0.092,-0.073,0.048,71
WATCH,1642571540586,1642571540593,4,1642571540593,-0.515,0.154,-0.523,-0.103,-0.083,0.057,71
WATCH,1642571540596,1642571540603,4,1642571540603,-0.643,0.159,-0.570,-0.109,-0.085,0.080,71
WATCH,1642571540607,1642571540614,4,1642571540614,-0.780,0.149,-0.622,-0.106,-0.075,0.104,71
WATCH,1642571540616,1642571540623,4,1642571540623,-0.899,0.140,-0.693,-0.097,-0.061,0.077,71
WATCH,1642571540626,1642571540633,4,1642571540633,-0.929,0.187,-0.732,-0.082,-0.009,0.124,71
WATCH,1642571540636,1642571540643,4,1642571540643,-0.818,0.154,-0.768,-0.058,0.063,0.089,71
WATCH,1642571540647,1642571540654,4,1642571540654,-0.632,0.087,-0.784,-0.036,0.093,0.052,71
WATCH,1642571540656,1642571540663,4,1642571540663,-0.512,0.055,-0.749,-0.018,0.044,0.005,71
WATCH,1642571540666,1642571540673,4,1642571540673,-0.589,0.081,-0.697,-0.016,-0.027,-0.006,71
WATCH,1642571540676,1642571540683,4,1642571540683,-0.862,0.146,-0.707,-0.028,-0.055,-0.020,71
WATCH,1642571540686,1642571540693,4,1642571540693,-1.268,0.210,-0.788,-0.049,-0.042,0.009,71
WATCH,1642571540696,1642571540703,4,1642571540703,-1.685,0.280,-0.874,-0.063,-0.027,0.054,71
WATCH,1642571540706,1642571540713,4,1642571540713,-2.149,0.310,-0.926,-0.054,-0.021,0.098,71
WATCH,1642571540715,1642571540722,4,1642571540722,-2.645,0.311,-0.957,-0.023,-0.013,0.119,71
WATCH,1642571540726,1642571540733,4,1642571540733,-3.147,0.316,-0.979,0.024,0.010,0.161,71
WATCH,1642571540735,1642571540742,4,1642571540742,-3.616,0.322,-0.979,0.077,0.046,0.175,71
WATCH,1642571540745,1642571540752,4,1642571540752,-3.974,0.332,-0.932,0.110,0.095,0.173,71
WATCH,1642571540756,1642571540763,4,1642571540763,-4.154,0.350,-0.813,0.126,0.156,0.156,71
WATCH,1642571540765,1642571540772,4,1642571540772,-4.099,0.320,-0.650,0.140,0.199,0.106,71
WATCH,1642571540775,1642571540782,4,1642571540782,-3.838,0.277,-0.452,0.162,0.218,0.044,71
WATCH,1642571540785,1642571540792,4,1642571540792,-3.450,0.231,-0.280,0.192,0.215,-0.004,71
WATCH,1642571540795,1642571540802,4,1642571540802,-3.049,0.210,-0.189,0.219,0.192,-0.024,71
WATCH,1642571540805,1642571540812,4,1642571540812,-2.756,0.177,-0.168,0.239,0.173,-0.022,71
WATCH,1642571540815,1642571540822,4,1642571540822,-2.656,0.140,-0.132,0.243,0.167,0.003,71
WATCH,1642571540825,1642571540832,4,1642571540832,-2.742,0.126,-0.014,0.235,0.149,0.028,71
WATCH,1642571540835,1642571540842,4,1642571540842,-2.957,0.104,0.129,0.213,0.104,0.001,71
WATCH,1642571540845,1642571540852,4,1642571540852,-3.098,0.095,0.228,0.182,0.059,-0.002,71
WATCH,1642571540855,1642571540862,4,1642571540862,-3.162,0.109,0.292,0.163,0.032,0.026,71
WATCH,1642571540865,1642571540872,4,1642571540872,-3.232,0.081,0.331,0.156,0.016,0.023,71
WATCH,1642571540875,1642571540882,4,1642571540882,-3.301,0.055,0.349,0.151,0.008,0.056,71
WATCH,1642571540884,1642571540891,4,1642571540891,-3.431,0.033,0.383,0.160,0.023,0.086,71
WATCH,1642571540894,1642571540901,4,1642571540901,-3.619,-0.005,0.425,0.174,0.044,0.104,71
WATCH,1642571540905,1642571540912,4,1642571540912,-3.845,-0.037,0.457,0.181,0.058,0.104,71
WATCH,1642571540914,1642571540921,4,1642571540921,-4.057,-0.073,0.403,0.172,0.074,0.090,71
WATCH,1642571540924,1642571540931,4,1642571540931,-4.184,-0.127,0.291,0.154,0.072,0.059,71
WATCH,1642571540934,1642571540941,4,1642571540941,-4.159,-0.175,0.218,0.139,0.064,0.028,71
WATCH,1642571540944,1642571540951,4,1642571540951,-4.090,-0.164,0.168,0.137,0.063,0.002,71
WATCH,1642571540954,1642571540961,4,1642571540961,-3.902,-0.068,0.127,0.143,0.068,0.020,71
WATCH,1642571540964,1642571540971,4,1642571540971,-3.751,0.035,0.086,0.165,0.094,0.052,71
WATCH,1642571540974,1642571540981,4,1642571540981,-3.666,0.017,0.022,0.204,0.085,0.061,71
WATCH,1642571540985,1642571540992,4,1642571540992,-3.671,-0.120,0.007,0.241,0.051,0.049,71
WATCH,1642571540994,1642571541001,4,1642571541001,-3.650,-0.291,0.069,0.257,0.025,0.036,71
WATCH,1642571541004,1642571541011,4,1642571541011,-3.671,-0.425,0.160,0.258,0.009,0.011,71
WATCH,1642571541014,1642571541021,4,1642571541021,-3.555,-0.522,0.223,0.229,-0.015,-0.026,71
WATCH,1642571541024,1642571541031,4,1642571541031,-3.392,-0.533,0.224,0.177,0.000,-0.031,71
WATCH,1642571541034,1642571541041,4,1642571541041,-3.201,-0.490,0.184,0.146,0.033,-0.038,71
WATCH,1642571541044,1642571541051,4,1642571541051,-2.900,-0.431,0.150,0.135,0.073,-0.035,71
WATCH,1642571541054,1642571541061,4,1642571541061,-2.468,-0.359,0.119,0.139,0.131,-0.005,71
WATCH,1642571541064,1642571541071,4,1642571541071,-2.154,-0.323,0.160,0.148,0.164,0.049,71
WATCH,1642571541074,1642571541081,4,1642571541081,-1.883,-0.335,0.179,0.146,0.120,0.096,71
WATCH,1642571541083,1642571541090,4,1642571541090,-1.693,-0.475,0.164,0.148,0.063,0.113,71
WATCH,1642571541094,1642571541101,4,1642571541101,-1.607,-0.667,0.155,0.151,0.030,0.068,71
WATCH,1642571541104,1642571541111,4,1642571541111,-1.460,-0.744,0.210,0.136,0.013,0.014,71
WATCH,1642571541114,1642571541121,4,1642571541121,-1.215,-0.693,0.235,0.106,0.008,-0.021,71
WATCH,1642571541125,1642571541132,4,1642571541132,-0.897,-0.579,0.200,0.082,0.016,-0.042,71
WATCH,1642571541135,1642571541142,4,1642571541142,-0.576,-0.503,0.142,0.081,0.025,-0.038,71
WATCH,1642571541143,1642571541150,4,1642571541150,-0.377,-0.427,0.118,0.091,0.011,-0.009,71
WATCH,1642571541153,1642571541160,4,1642571541160,-0.323,-0.373,0.123,0.103,-0.056,0.059,71
WATCH,1642571541163,1642571541170,4,1642571541170,-0.504,-0.384,0.076,0.101,-0.111,0.142,71
WATCH,1642571541173,1642571541180,4,1642571541180,-0.738,-0.465,0.049,0.100,-0.108,0.194,71
WATCH,1642571541183,1642571541190,4,1642571541190,-0.894,-0.587,0.054,0.105,-0.060,0.179,71
WATCH,1642571541193,1642571541200,4,1642571541200,-0.897,-0.668,0.080,0.096,-0.016,0.126,71
WATCH,1642571541203,1642571541210,4,1642571541210,-0.709,-0.683,0.078,0.083,0.024,0.084,71
WATCH,1642571541213,1642571541220,4,1642571541220,-0.437,-0.639,0.096,0.084,0.042,0.048,71
WATCH,1642571541223,1642571541230,4,1642571541230,-0.164,-0.578,0.122,0.090,0.031,0.030,71
WATCH,1642571541233,1642571541240,4,1642571541240,0.002,-0.533,0.144,0.099,-0.016,0.033,71
WATCH,1642571541243,1642571541250,4,1642571541250,-0.019,-0.489,0.166,0.089,-0.064,0.057,71
WATCH,1642571541253,1642571541260,4,1642571541260,-0.200,-0.476,0.153,0.074,-0.091,0.045,71
WATCH,1642571541263,1642571541270,4,1642571541270,-0.296,-0.449,0.120,0.031,-0.110,-0.000,71
WATCH,1642571541273,1642571541280,4,1642571541280,-0.319,-0.354,0.089,0.018,-0.104,0.040,71
WATCH,1642571541282,1642571541289,4,1642571541289,-0.439,-0.294,0.057,0.040,-0.093,0.068,71
WATCH,1642571541293,1642571541300,4,1642571541300,-0.527,-0.315,0.053,0.052,-0.089,0.066,71
WATCH,1642571541303,1642571541310,4,1642571541310,-0.590,-0.346,0.064,0.050,-0.061,0.063,71
WATCH,1642571541312,1642571541319,4,1642571541319,-0.605,-0.332,0.085,0.050,-0.030,0.046,71
WATCH,1642571541322,1642571541329,4,1642571541329,-0.539,-0.303,0.101,0.054,0.010,0.025,71
WATCH,1642571541332,1642571541339,4,1642571541339,-0.414,-0.246,0.115,0.063,0.036,0.022,71
WATCH,1642571541342,1642571541349,4,1642571541349,-0.280,-0.197,0.123,0.068,0.036,0.032,71
WATCH,1642571541352,1642571541359,4,1642571541359,-0.230,-0.111,0.141,0.053,0.004,0.071,71
WATCH,1642571541362,1642571541369,4,1642571541369,-0.318,-0.061,0.126,0.028,-0.038,0.116,71
WATCH,1642571541372,1642571541379,4,1642571541379,-0.505,-0.085,0.100,0.010,-0.082,0.135,71
WATCH,1642571541382,1642571541389,4,1642571541389,-0.705,-0.131,0.088,-0.014,-0.090,0.113,71
WATCH,1642571541392,1642571541399,4,1642571541399,-0.795,-0.152,0.091,-0.035,-0.085,0.066,71
WATCH,1642571541402,1642571541409,4,1642571541409,-0.794,-0.144,0.126,-0.050,-0.072,0.038,71
WATCH,1642571541412,1642571541419,4,1642571541419,-0.836,-0.171,0.156,-0.070,-0.057,0.017,71
WATCH,1642571541422,1642571541429,4,1642571541429,-0.933,-0.199,0.212,-0.098,-0.033,-0.022,71
WATCH,1642571541432,1642571541439,4,1642571541439,-0.964,-0.161,0.272,-0.144,-0.003,-0.022,71
WATCH,1642571541442,1642571541449,4,1642571541449,-1.046,-0.092,0.253,-0.180,0.036,-0.019,71
WATCH,1642571541452,1642571541459,4,1642571541459,-1.147,-0.040,0.222,-0.187,0.075,-0.065,71
WATCH,1642571541462,1642571541469,4,1642571541469,-1.166,0.023,0.234,-0.192,0.118,-0.112,71
WATCH,1642571541472,1642571541479,4,1642571541479,-1.110,0.094,0.222,-0.197,0.120,-0.154,71
WATCH,1642571541482,1642571541489,4,1642571541489,-1.040,0.148,0.174,-0.199,0.113,-0.191,71
WATCH,1642571541492,1642571541499,4,1642571541499,-0.893,0.213,0.168,-0.196,0.118,-0.219,71
WATCH,1642571541501,1642571541508,4,1642571541508,-0.751,0.292,0.165,-0.192,0.083,-0.234,71
WATCH,1642571541512,1642571541519,4,1642571541519,-0.677,0.346,0.135,-0.195,0.020,-0.227,71
WATCH,1642571541521,1642571541528,4,1642571541528,-0.666,0.380,0.088,-0.207,-0.017,-0.202,71
WATCH,1642571541531,1642571541538,4,1642571541538,-0.687,0.399,0.041,-0.212,-0.028,-0.165,71
WATCH,1642571541542,1642571541549,4,1642571541549,-0.722,0.398,-0.016,-0.199,-0.023,-0.141,71
WATCH,1642571541551,1642571541558,4,1642571541558,-0.720,0.373,-0.064,-0.176,-0.020,-0.142,71
WATCH,1642571541561,1642571541568,4,1642571541568,-0.681,0.356,-0.110,-0.150,-0.018,-0.144,71
WATCH,1642571541571,1642571541578,4,1642571541578,-0.638,0.350,-0.147,-0.124,-0.016,-0.133,71
WATCH,1642571541581,1642571541588,4,1642571541588,-0.610,0.352,-0.179,-0.097,-0.028,-0.127,71
WATCH,1642571541591,1642571541598,4,1642571541598,-0.582,0.311,-0.193,-0.083,-0.032,-0.105,71
WATCH,1642571541601,1642571541608,4,1642571541608,-0.591,0.261,-0.218,-0.084,-0.040,-0.117,71
WATCH,1642571541611,1642571541618,4,1642571541618,-0.577,0.234,-0.232,-0.090,-0.043,-0.129,71
WATCH,1642571541621,1642571541628,4,1642571541628,-0.571,0.230,-0.247,-0.090,-0.038,-0.129,71
WATCH,1642571541631,1642571541638,4,1642571541638,-0.534,0.213,-0.259,-0.083,-0.038,-0.123,71
WATCH,1642571541640,1642571541647,4,1642571541647,-0.544,0.192,-0.281,-0.080,-0.029,-0.119,71
WATCH,1642571541650,1642571541657,4,1642571541657,-0.645,0.169,-0.280,-0.079,-0.028,-0.125,71
WATCH,1642571541661,1642571541668,4,1642571541668,-0.730,0.195,-0.281,-0.082,-0.031,-0.124,71
WATCH,1642571541725,1642571541732,4,1642571541732,-0.730,0.228,-0.276,-0.079,-0.019,-0.105,71
WATCH,1642571541727,1642571541734,4,1642571541734,-0.690,0.246,-0.275,-0.066,0.025,-0.094,71
WATCH,1642571541728,1642571541735,4,1642571541735,-0.575,0.239,-0.270,-0.054,0.038,-0.099,71
WATCH,1642571541728,1642571541735,4,1642571541735,-0.470,0.244,-0.260,-0.055,0.021,-0.106,71
WATCH,1642571541731,1642571541738,4,1642571541738,-0.438,0.248,-0.254,-0.063,-0.004,-0.102,71
WATCH,1642571541732,1642571541739,4,1642571541739,-0.481,0.235,-0.271,-0.070,-0.033,-0.111,71
WATCH,1642571541738,1642571541745,4,1642571541745,-0.508,0.222,-0.283,-0.067,-0.040,-0.144,71
WATCH,1642571541740,1642571541747,4,1642571541747,-0.502,0.237,-0.271,-0.053,-0.013,-0.165,71
WATCH,1642571541750,1642571541757,4,1642571541757,-0.448,0.281,-0.264,-0.041,0.008,-0.189,71
WATCH,1642571541760,1642571541767,4,1642571541767,-0.308,0.309,-0.259,-0.023,0.015,-0.185,71
WATCH,1642571541770,1642571541777,4,1642571541777,-0.192,0.334,-0.236,0.003,0.021,-0.155,71
WATCH,1642571541780,1642571541787,4,1642571541787,-0.141,0.342,-0.210,0.022,-0.002,-0.140,71
WATCH,1642571541790,1642571541797,4,1642571541797,-0.147,0.341,-0.195,0.024,-0.031,-0.122,71
WATCH,1642571541800,1642571541807,4,1642571541807,-0.190,0.345,-0.184,0.022,-0.057,-0.107,71
WATCH,1642571541810,1642571541817,4,1642571541817,-0.245,0.334,-0.192,0.027,-0.063,-0.100,71
WATCH,1642571541820,1642571541827,4,1642571541827,-0.272,0.314,-0.191,0.030,-0.047,-0.103,71
WATCH,1642571541829,1642571541836,4,1642571541836,-0.281,0.313,-0.169,0.034,-0.033,-0.102,71
WATCH,1642571541840,1642571541847,4,1642571541847,-0.284,0.295,-0.147,0.038,-0.021,-0.103,71
WATCH,1642571541849,1642571541856,4,1642571541856,-0.291,0.270,-0.135,0.042,-0.016,-0.121,71
WATCH,1642571541859,1642571541866,4,1642571541866,-0.274,0.258,-0.103,0.045,-0.017,-0.137,71
WATCH,1642571541869,1642571541876,4,1642571541876,-0.268,0.273,-0.071,0.042,-0.021,-0.147,71
WATCH,1642571541879,1642571541886,4,1642571541886,-0.251,0.311,-0.026,0.046,-0.039,-0.138,71
WATCH,1642571541889,1642571541896,4,1642571541896,-0.245,0.330,-0.016,0.047,-0.067,-0.120,71
WATCH,1642571541899,1642571541906,4,1642571541906,-0.257,0.324,-0.031,0.049,-0.082,-0.093,71
WATCH,1642571541909,1642571541916,4,1642571541916,-0.282,0.305,-0.043,0.059,-0.093,-0.084,71
WATCH,1642571541919,1642571541926,4,1642571541926,-0.340,0.259,-0.069,0.062,-0.086,-0.088,71
WATCH,1642571541928,1642571541935,4,1642571541935,-0.370,0.242,-0.057,0.063,-0.051,-0.101,71
WATCH,1642571541939,1642571541946,4,1642571541946,-0.360,0.223,-0.026,0.067,-0.023,-0.129,71
WATCH,1642571541949,1642571541956,4,1642571541956,-0.349,0.224,-0.036,0.076,-0.003,-0.146,71
WATCH,1642571541958,1642571541965,4,1642571541965,-0.263,0.253,-0.039,0.095,0.017,-0.158,71
WATCH,1642571541968,1642571541975,4,1642571541975,-0.219,0.275,-0.039,0.108,0.028,-0.153,71
WATCH,1642571541978,1642571541985,4,1642571541985,-0.182,0.292,-0.045,0.112,0.021,-0.130,71
WATCH,1642571541988,1642571541995,4,1642571541995,-0.175,0.276,-0.038,0.114,0.019,-0.096,71
WATCH,1642571541998,1642571542005,4,1642571542005,-0.202,0.231,-0.032,0.117,0.004,-0.082,71
WATCH,1642571542008,1642571542015,4,1642571542015,-0.260,0.157,-0.035,0.118,-0.012,-0.073,71
WATCH,1642571542018,1642571542025,4,1642571542025,-0.339,0.105,-0.015,0.109,0.004,-0.056,71
WATCH,1642571542028,1642571542035,4,1642571542035,-0.409,0.062,0.009,0.114,0.030,-0.067,71
WATCH,1642571542038,1642571542045,4,1642571542045,-0.423,0.015,0.028,0.122,0.047,-0.081,71
WATCH,1642571542048,1642571542055,4,1642571542055,-0.435,-0.001,0.059,0.132,0.075,-0.082,71
WATCH,1642571542058,1642571542065,4,1642571542065,-0.439,-0.002,0.106,0.138,0.093,-0.084,71
WATCH,1642571542068,1642571542075,4,1642571542075,-0.442,-0.040,0.156,0.140,0.110,-0.077,71
WATCH,1642571542078,1642571542085,4,1642571542085,-0.452,-0.042,0.191,0.132,0.122,-0.070,71
WATCH,1642571542088,1642571542095,4,1642571542095,-0.450,-0.042,0.224,0.124,0.136,-0.061,71
WATCH,1642571542098,1642571542105,4,1642571542105,-0.431,-0.062,0.252,0.110,0.154,-0.048,71
WATCH,1642571542108,1642571542115,4,1642571542115,-0.420,-0.099,0.262,0.086,0.158,-0.037,71
WATCH,1642571542118,1642571542125,4,1642571542125,-0.433,-0.107,0.246,0.068,0.141,-0.033,71
WATCH,1642571542128,1642571542135,4,1642571542135,-0.504,-0.108,0.200,0.060,0.142,-0.012,71
WATCH,1642571542138,1642571542145,4,1642571542145,-0.599,-0.094,0.180,0.042,0.193,0.027,71
