Device,PTPTime,UnixTime,Protocool,CurrentDeviceTime,AccX,AccY,AccZ,GyroX,GyroY,GyroZ,
AIRPOT,1642571537597,1642571537604,4,1642571537604,0.113,0.589,-0.800,-0.013,-0.007,-0.000
AIRPOT,1642571537646,1642571537653,4,1642571537653,0.113,0.588,-0.801,0.002,-0.025,-0.002
AIRPOT,1642571537697,1642571537704,4,1642571537704,0.112,0.587,-0.802,0.028,-0.009,0.024
AIRPOT,1642571537701,1642571537708,4,1642571537708,0.107,0.586,-0.803,0.061,-0.041,0.049
AIRPOT,1642571537756,1642571537763,4,1642571537763,0.093,0.587,-0.804,0.070,0.031,0.099
AIRPOT,1642571537816,1642571537823,4,1642571537823,0.072,0.592,-0.803,0.073,0.029,0.076
AIRPOT,1642571537817,1642571537824,4,1642571537824,0.045,0.600,-0.799,0.055,0.020,0.054
AIRPOT,1642571537864,1642571537871,4,1642571537871,0.015,0.608,-0.794,0.009,-0.002,0.022
AIRPOT,1642571537914,1642571537921,4,1642571537921,-0.015,0.617,-0.787,-0.020,0.009,-0.022
AIRPOT,1642571537954,1642571537961,4,1642571537961,-0.044,0.623,-0.781,-0.044,0.010,-0.011
AIRPOT,1642571538017,1642571538024,4,1642571538024,-0.069,0.625,-0.778,-0.050,0.006,-0.016
AIRPOT,1642571538167,1642571538174,4,1642571538174,-0.090,0.624,-0.776,-0.042,0.001,-0.033
AIRPOT,1642571538169,1642571538176,4,1642571538176,-0.108,0.623,-0.775,-0.012,-0.019,-0.040
AIRPOT,1642571538274,1642571538281,4,1642571538281,-0.124,0.620,-0.775,-0.020,0.002,0.018
AIRPOT,1642571538275,1642571538282,4,1642571538282,-0.138,0.619,-0.774,0.006,-0.002,-0.041
AIRPOT,1642571538489,1642571538496,4,1642571538496,-0.144,0.619,-0.772,-0.034,0.007,-0.004
AIRPOT,1642571538491,1642571538498,4,1642571538498,-0.148,0.622,-0.769,-0.055,-0.015,-0.008
AIRPOT,1642571538537,1642571538544,4,1642571538544,-0.155,0.624,-0.766,-0.056,-0.049,-0.024
AIRPOT,1642571538583,1642571538590,4,1642571538590,-0.161,0.623,-0.765,-0.049,0.002,-0.013
AIRPOT,1642571538584,1642571538591,4,1642571538591,-0.165,0.622,-0.765,-0.014,-0.027,-0.031
AIRPOT,1642571538758,1642571538765,4,1642571538765,-0.167,0.620,-0.766,-0.012,0.040,0.015
AIRPOT,1642571538758,1642571538765,4,1642571538765,-0.168,0.618,-0.768,0.014,-0.008,-0.000
AIRPOT,1642571538968,1642571538975,4,1642571538975,-0.173,0.606,-0.776,0.029,0.023,0.038
AIRPOT,1642571538968,1642571538975,4,1642571538975,-0.177,0.605,-0.776,0.036,-0.030,-0.015
AIRPOT,1642571539170,1642571539177,4,1642571539177,-0.182,0.603,-0.777,-0.016,0.039,0.017
AIRPOT,1642571539252,1642571539259,4,1642571539259,-0.185,0.602,-0.777,-0.015,0.009,-0.020
AIRPOT,1642571539252,1642571539259,4,1642571539259,-0.184,0.600,-0.779,-0.039,0.010,-0.004
AIRPOT,1642571539275,1642571539282,4,1642571539282,-0.182,0.598,-0.780,-0.024,-0.012,-0.000
AIRPOT,1642571539286,1642571539293,4,1642571539293,-0.182,0.596,-0.782,0.000,-0.023,-0.003
AIRPOT,1642571539328,1642571539335,4,1642571539335,-0.186,0.596,-0.781,-0.012,-0.007,0.006
AIRPOT,1642571539328,1642571539335,4,1642571539335,-0.186,0.595,-0.782,-0.006,-0.036,-0.009
AIRPOT,1642571539469,1642571539476,4,1642571539476,-0.186,0.595,-0.782,0.002,0.003,-0.013
AIRPOT,1642571539491,1642571539498,4,1642571539498,-0.185,0.596,-0.782,0.007,0.004,-0.002
AIRPOT,1642571539492,1642571539499,4,1642571539499,-0.183,0.597,-0.781,0.004,-0.028,-0.000
AIRPOT,1642571539644,1642571539651,4,1642571539651,-0.184,0.599,-0.779,0.006,-0.041,-0.015
AIRPOT,1642571539645,1642571539652,4,1642571539652,-0.187,0.600,-0.778,-0.009,0.012,0.007
AIRPOT,1642571539655,1642571539662,4,1642571539662,-0.188,0.602,-0.776,-0.012,0.010,-0.011
AIRPOT,1642571539656,1642571539663,4,1642571539663,-0.186,0.604,-0.775,-0.010,0.005,-0.007
AIRPOT,1642571539656,1642571539663,4,1642571539663,-0.183,0.606,-0.774,-0.001,-0.015,0.017
AIRPOT,1642571539704,1642571539711,4,1642571539711,-0.182,0.609,-0.772,0.002,-0.040,-0.013
AIRPOT,1642571539705,1642571539712,4,1642571539712,-0.184,0.611,-0.770,-0.002,0.012,-0.012
AIRPOT,1642571539797,1642571539804,4,1642571539804,-0.182,0.612,-0.770,-0.014,-0.011,-0.041
AIRPOT,1642571539873,1642571539880,4,1642571539880,-0.177,0.612,-0.770,-0.058,-0.026,-0.017
AIRPOT,1642571539890,1642571539897,4,1642571539897,-0.171,0.614,-0.770,-0.086,-0.019,-0.030
AIRPOT,1642571539890,1642571539897,4,1642571539897,-0.163,0.614,-0.772,-0.074,-0.038,-0.057
AIRPOT,1642571539932,1642571539939,4,1642571539939,-0.151,0.610,-0.778,-0.067,-0.052,-0.034
AIRPOT,1642571539932,1642571539939,4,1642571539939,-0.139,0.608,-0.782,-0.012,-0.035,-0.021
AIRPOT,1642571540042,1642571540049,4,1642571540049,-0.127,0.610,-0.782,0.011,0.027,0.035
AIRPOT,1642571540172,1642571540179,4,1642571540179,-0.117,0.616,-0.779,0.043,0.029,0.034
AIRPOT,1642571540292,1642571540299,4,1642571540298,-0.107,0.620,-0.777,0.053,0.092,0.066
AIRPOT,1642571540292,1642571540299,4,1642571540299,-0.099,0.623,-0.776,0.063,0.036,0.030
AIRPOT,1642571540349,1642571540356,4,1642571540356,-0.090,0.622,-0.778,0.035,0.027,0.049
AIRPOT,1642571540349,1642571540356,4,1642571540356,-0.084,0.620,-0.780,0.028,0.025,0.060
AIRPOT,1642571540415,1642571540422,4,1642571540422,-0.080,0.622,-0.779,0.014,0.024,0.034
AIRPOT,1642571540461,1642571540468,4,1642571540468,-0.077,0.623,-0.778,-0.013,0.016,0.017
AIRPOT,1642571540684,1642571540691,4,1642571540691,-0.074,0.625,-0.777,-0.008,0.010,-0.013
AIRPOT,1642571540730,1642571540737,4,1642571540737,-0.070,0.627,-0.776,-0.004,-0.016,-0.010
AIRPOT,1642571540778,1642571540785,4,1642571540785,-0.066,0.628,-0.776,0.007,-0.003,0.005
AIRPOT,1642571540945,1642571540952,4,1642571540952,-0.062,0.630,-0.774,0.002,-0.009,0.013
AIRPOT,1642571540953,1642571540960,4,1642571540960,-0.060,0.631,-0.774,0.008,-0.010,-0.005
AIRPOT,1642571540959,1642571540966,4,1642571540966,-0.061,0.623,-0.780,0.003,-0.001,0.006
AIRPOT,1642571541000,1642571541007,4,1642571541007,-0.064,0.618,-0.784,0.016,-0.010,-0.035
AIRPOT,1642571541100,1642571541107,4,1642571541107,-0.069,0.611,-0.789,-0.000,-0.064,-0.021
AIRPOT,1642571541101,1642571541108,4,1642571541108,-0.078,0.600,-0.796,0.007,-0.058,0.005
AIRPOT,1642571541214,1642571541221,4,1642571541221,-0.104,0.577,-0.810,0.145,0.014,0.011
AIRPOT,1642571541215,1642571541222,4,1642571541222,-0.108,0.577,-0.810,0.138,0.017,0.036
AIRPOT,1642571541227,1642571541234,4,1642571541234,-0.114,0.579,-0.807,0.126,-0.004,0.031
AIRPOT,1642571541282,1642571541289,4,1642571541289,-0.124,0.581,-0.805,0.094,-0.048,-0.033
AIRPOT,1642571541395,1642571541402,4,1642571541402,-0.133,0.580,-0.804,0.085,-0.087,-0.076
AIRPOT,1642571541461,1642571541468,4,1642571541468,-0.140,0.577,-0.804,0.081,-0.069,-0.069
AIRPOT,1642571541462,1642571541469,4,1642571541469,-0.146,0.577,-0.804,0.076,-0.067,-0.047
AIRPOT,1642571541577,1642571541584,4,1642571541584,-0.148,0.578,-0.803,0.076,-0.055,-0.031
AIRPOT,1642571541577,1642571541584,4,1642571541584,-0.148,0.579,-0.802,0.072,-0.058,-0.050
AIRPOT,1642571541635,1642571541642,4,1642571541642,-0.149,0.584,-0.798,-0.070,0.081,0.109
AIRPOT,1642571541687,1642571541694,4,1642571541694,-0.156,0.589,-0.793,-0.210,0.141,0.074
AIRPOT,1642571541697,1642571541704,4,1642571541704,-0.165,0.592,-0.789,-0.228,0.079,0.009
AIRPOT,1642571541750,1642571541757,4,1642571541757,-0.168,0.587,-0.792,-0.219,0.048,-0.025
AIRPOT,1642571541812,1642571541819,4,1642571541819,-0.164,0.583,-0.796,-0.191,-0.027,0.010
AIRPOT,1642571541870,1642571541877,4,1642571541877,-0.157,0.578,-0.801,-0.158,-0.076,0.048
AIRPOT,1642571541872,1642571541879,4,1642571541879,-0.156,0.574,-0.804,-0.151,-0.088,0.041
AIRPOT,1642571542038,1642571542045,4,1642571542045,-0.158,0.572,-0.805,-0.152,-0.112,0.017
AIRPOT,1642571542040,1642571542047,4,1642571542047,-0.158,0.573,-0.804,-0.146,-0.107,-0.016
AIRPOT,1642571542060,1642571542067,4,1642571542067,-0.150,0.584,-0.797,-0.143,-0.096,0.013
AIRPOT,1642571542100,1642571542107,4,1642571542107,-0.144,0.592,-0.793,-0.127,-0.056,0.008
AIRPOT,1642571542134,1642571542141,4,1642571542141,-0.137,0.601,-0.787,-0.114,-0.055,0.013
AIRPOT,1642571542279,1642571542286,4,1642571542286,-0.129,0.609,-0.783,-0.109,-0.047,0.004
AIRPOT,1642571542279,1642571542286,4,1642571542286,-0.118,0.614,-0.780,-0.110,-0.026,-0.014
AIRPOT,1642571542436,1642571542443,4,1642571542443,-0.093,0.618,-0.781,-0.069,0.049,-0.000
AIRPOT,1642571542438,1642571542445,4,1642571542445,-0.079,0.619,-0.782,-0.057,0.063,-0.038
AIRPOT,1642571542498,1642571542505,4,1642571542505,-0.062,0.615,-0.786,-0.045,0.091,-0.023
AIRPOT,1642571542502,1642571542509,4,1642571542509,-0.048,0.613,-0.789,0.002,0.212,-0.255
AIRPOT,1642571542549,1642571542556,4,1642571542556,0.018,0.591,-0.806,0.133,0.040,0.207
AIRPOT,1642571542598,1642571542605,4,1642571542605,0.027,0.577,-0.817,0.115,0.078,0.211
AIRPOT,1642571542662,1642571542669,4,1642571542669,0.029,0.564,-0.825,0.071,0.009,0.070
AIRPOT,1642571542663,1642571542670,4,1642571542670,0.029,0.559,-0.829,0.058,-0.045,0.045
AIRPOT,1642571542714,1642571542721,4,1642571542721,0.029,0.555,-0.831,0.039,-0.077,0.017
AIRPOT,1642571542804,1642571542811,4,1642571542811,0.029,0.552,-0.833,0.040,-0.087,0.018
AIRPOT,1642571542805,1642571542812,4,1642571542812,0.028,0.554,-0.832,0.052,-0.086,0.004
AIRPOT,1642571542881,1642571542888,4,1642571542888,0.028,0.558,-0.829,0.037,-0.071,-0.002
AIRPOT,1642571542920,1642571542927,4,1642571542927,0.026,0.568,-0.822,0.000,-0.003,-0.018
AIRPOT,1642571542921,1642571542928,4,1642571542928,0.023,0.582,-0.813,-0.023,-0.077,-0.045
AIRPOT,1642571542933,1642571542940,4,1642571542940,0.020,0.591,-0.806,-0.046,-0.043,-0.134
AIRPOT,1642571542983,1642571542990,4,1642571542990,0.018,0.601,-0.799,-0.180,0.045,0.021
AIRPOT,1642571543034,1642571543041,4,1642571543041,0.008,0.618,-0.787,-0.290,0.075,0.045
AIRPOT,1642571543034,1642571543041,4,1642571543041,-0.004,0.631,-0.776,-0.318,-0.012,0.085
AIRPOT,1642571543083,1642571543090,4,1642571543090,-0.015,0.642,-0.767,-0.354,0.071,0.048
AIRPOT,1642571543083,1642571543090,4,1642571543090,-0.021,0.658,-0.753,-0.359,0.078,0.077
AIRPOT,1642571543149,1642571543156,4,1642571543156,-0.024,0.675,-0.737,-0.323,0.083,0.076
AIRPOT,1642571543150,1642571543157,4,1642571543157,-0.027,0.688,-0.725,-0.302,0.053,0.067
AIRPOT,1642571543154,1642571543161,4,1642571543161,-0.029,0.694,-0.720,-0.291,-0.016,0.088
AIRPOT,1642571543207,1642571543214,4,1642571543214,-0.032,0.695,-0.719,-0.277,-0.015,0.123
AIRPOT,1642571543207,1642571543214,4,1642571543214,-0.039,0.700,-0.713,-0.281,0.086,0.137
AIRPOT,1642571543253,1642571543260,4,1642571543260,-0.049,0.712,-0.700,-0.181,0.126,-0.154
AIRPOT,1642571543253,1642571543260,4,1642571543260,-0.045,0.719,-0.694,-0.097,0.046,0.213
AIRPOT,1642571543411,1642571543418,4,1642571543418,-0.044,0.721,-0.691,-0.062,0.107,0.102
AIRPOT,1642571543418,1642571543425,4,1642571543425,-0.043,0.725,-0.688,-0.037,0.109,0.116
AIRPOT,1642571543423,1642571543430,4,1642571543430,-0.044,0.729,-0.683,0.011,0.124,0.014
AIRPOT,1642571543424,1642571543431,4,1642571543431,-0.042,0.735,-0.677,0.022,0.085,0.032
AIRPOT,1642571543472,1642571543479,4,1642571543479,-0.040,0.740,-0.671,0.013,0.099,0.101
AIRPOT,1642571543643,1642571543650,4,1642571543650,-0.038,0.747,-0.663,0.021,0.098,0.071
AIRPOT,1642571543643,1642571543650,4,1642571543650,-0.037,0.754,-0.656,0.015,0.053,0.071
AIRPOT,1642571543649,1642571543656,4,1642571543656,-0.036,0.758,-0.651,0.046,0.030,0.036
AIRPOT,1642571543650,1642571543657,4,1642571543657,-0.034,0.761,-0.647,0.067,0.006,0.051
AIRPOT,1642571543762,1642571543769,4,1642571543769,-0.033,0.765,-0.643,0.089,-0.040,0.076
AIRPOT,1642571543762,1642571543769,4,1642571543769,-0.036,0.769,-0.638,0.093,-0.033,0.077
AIRPOT,1642571543807,1642571543814,4,1642571543814,-0.039,0.773,-0.633,0.107,-0.023,0.075
AIRPOT,1642571543808,1642571543815,4,1642571543815,-0.042,0.779,-0.626,0.087,-0.015,0.027
AIRPOT,1642571543888,1642571543895,4,1642571543895,-0.046,0.784,-0.619,0.056,-0.027,-0.079
AIRPOT,1642571543888,1642571543895,4,1642571543895,-0.051,0.790,-0.611,0.009,-0.038,-0.114
AIRPOT,1642571543937,1642571543944,4,1642571543944,-0.056,0.796,-0.603,-0.070,0.031,0.120
AIRPOT,1642571543952,1642571543959,4,1642571543959,-0.067,0.805,-0.589,-0.138,0.155,0.124
AIRPOT,1642571543953,1642571543960,4,1642571543960,-0.076,0.815,-0.574,-0.143,0.163,0.101
AIRPOT,1642571543997,1642571544004,4,1642571544004,-0.079,0.822,-0.564,-0.164,0.196,0.062
AIRPOT,1642571544106,1642571544113,4,1642571544113,-0.077,0.825,-0.560,-0.162,0.141,0.054
AIRPOT,1642571544107,1642571544114,4,1642571544114,-0.072,0.820,-0.568,-0.160,0.136,0.018
AIRPOT,1642571544270,1642571544277,4,1642571544277,-0.062,0.807,-0.587,-0.172,0.106,0.019
AIRPOT,1642571544272,1642571544279,4,1642571544279,-0.047,0.786,-0.616,-0.163,0.043,-0.001
AIRPOT,1642571544322,1642571544329,4,1642571544329,-0.028,0.763,-0.646,-0.170,-0.030,0.035
AIRPOT,1642571544355,1642571544362,4,1642571544362,-0.017,0.740,-0.673,-0.180,-0.036,0.055
AIRPOT,1642571544409,1642571544416,4,1642571544416,-0.015,0.714,-0.700,-0.164,-0.084,0.034
AIRPOT,1642571544538,1642571544545,4,1642571544545,-0.019,0.682,-0.731,-0.178,-0.068,0.023
AIRPOT,1642571544539,1642571544546,4,1642571544546,-0.030,0.649,-0.761,-0.208,0.046,0.043
AIRPOT,1642571544590,1642571544597,4,1642571544597,-0.040,0.620,-0.784,-0.170,0.073,0.044
AIRPOT,1642571544690,1642571544697,4,1642571544697,-0.038,0.593,-0.804,-0.162,0.079,0.073
AIRPOT,1642571544690,1642571544697,4,1642571544697,-0.030,0.569,-0.822,-0.143,0.063,0.099
AIRPOT,1642571544755,1642571544762,4,1642571544762,-0.020,0.552,-0.834,-0.106,0.041,0.042
AIRPOT,1642571544755,1642571544762,4,1642571544762,-0.008,0.538,-0.843,-0.056,-0.034,0.032
AIRPOT,1642571544855,1642571544862,4,1642571544862,0.000,0.526,-0.850,-0.014,-0.168,-0.039
AIRPOT,1642571544856,1642571544863,4,1642571544863,0.011,0.510,-0.860,0.160,-0.174,-0.167
AIRPOT,1642571544915,1642571544922,4,1642571544922,0.030,0.503,-0.864,0.299,-0.198,-0.323
AIRPOT,1642571544917,1642571544924,4,1642571544924,0.058,0.497,-0.866,0.296,-0.308,-0.047
AIRPOT,1642571544974,1642571544981,4,1642571544981,0.067,0.488,-0.870,0.209,-0.261,0.108
AIRPOT,1642571544974,1642571544981,4,1642571544981,0.057,0.480,-0.875,0.197,-0.233,0.044
AIRPOT,1642571545023,1642571545030,4,1642571545030,0.044,0.474,-0.880,0.172,-0.247,-0.005
AIRPOT,1642571545023,1642571545030,4,1642571545030,0.028,0.469,-0.883,0.137,-0.152,-0.058
AIRPOT,1642571545073,1642571545080,4,1642571545080,0.016,0.464,-0.886,0.112,-0.164,-0.261
AIRPOT,1642571545139,1642571545146,4,1642571545146,0.016,0.452,-0.892,-0.051,-0.035,0.077
AIRPOT,1642571545140,1642571545147,4,1642571545147,-0.002,0.454,-0.891,-0.109,0.016,0.055
AIRPOT,1642571545189,1642571545196,4,1642571545196,-0.025,0.457,-0.889,-0.115,0.003,-0.004
AIRPOT,1642571545207,1642571545214,4,1642571545214,-0.045,0.460,-0.887,-0.093,0.059,-0.009
AIRPOT,1642571545207,1642571545214,4,1642571545214,-0.062,0.464,-0.884,-0.066,0.082,0.017
AIRPOT,1642571545256,1642571545263,4,1642571545263,-0.072,0.467,-0.881,-0.058,0.098,0.016
AIRPOT,1642571545261,1642571545268,4,1642571545268,-0.076,0.470,-0.879,-0.048,0.062,-0.002
AIRPOT,1642571545262,1642571545269,4,1642571545269,-0.074,0.473,-0.878,-0.015,0.054,-0.010
AIRPOT,1642571545329,1642571545336,4,1642571545336,-0.070,0.479,-0.875,-0.007,0.048,0.055
AIRPOT,1642571545432,1642571545439,4,1642571545439,-0.067,0.485,-0.872,0.013,0.040,0.044
AIRPOT,1642571545633,1642571545640,4,1642571545640,-0.066,0.493,-0.868,0.028,0.005,0.043
AIRPOT,1642571545633,1642571545640,4,1642571545640,-0.067,0.498,-0.865,-0.018,0.023,0.066
AIRPOT,1642571545692,1642571545699,4,1642571545699,-0.073,0.504,-0.861,0.002,-0.023,0.022
AIRPOT,1642571545692,1642571545699,4,1642571545699,-0.078,0.508,-0.858,-0.032,-0.018,0.009
AIRPOT,1642571545779,1642571545786,4,1642571545786,-0.086,0.515,-0.853,-0.033,0.009,-0.013
AIRPOT,1642571545783,1642571545790,4,1642571545790,-0.093,0.524,-0.847,-0.075,0.025,0.043
AIRPOT,1642571545783,1642571545790,4,1642571545790,-0.104,0.534,-0.839,-0.030,0.024,-0.004
AIRPOT,1642571545842,1642571545849,4,1642571545849,-0.110,0.542,-0.833,-0.044,0.014,0.042
AIRPOT,1642571545891,1642571545898,4,1642571545898,-0.116,0.549,-0.828,-0.035,0.019,0.036
AIRPOT,1642571545892,1642571545899,4,1642571545899,-0.122,0.559,-0.820,-0.042,0.013,0.036
AIRPOT,1642571545995,1642571546002,4,1642571546002,-0.128,0.569,-0.812,-0.030,-0.002,0.012
AIRPOT,1642571545996,1642571546003,4,1642571546003,-0.132,0.578,-0.805,-0.057,0.005,-0.005
AIRPOT,1642571546042,1642571546049,4,1642571546049,-0.136,0.585,-0.800,-0.028,-0.016,-0.034
AIRPOT,1642571546050,1642571546057,4,1642571546057,-0.136,0.590,-0.796,-0.054,-0.000,0.006
AIRPOT,1642571546051,1642571546058,4,1642571546058,-0.138,0.594,-0.793,-0.038,0.006,-0.005
AIRPOT,1642571546200,1642571546207,4,1642571546207,-0.138,0.598,-0.790,-0.030,-0.026,-0.001
AIRPOT,1642571546202,1642571546209,4,1642571546209,-0.139,0.601,-0.787,-0.029,-0.018,-0.008
AIRPOT,1642571546250,1642571546257,4,1642571546257,-0.140,0.604,-0.784,-0.024,-0.022,-0.036
AIRPOT,1642571546251,1642571546258,4,1642571546258,-0.137,0.607,-0.783,-0.029,-0.015,0.010
AIRPOT,1642571546360,1642571546367,4,1642571546367,-0.135,0.607,-0.783,-0.011,0.026,0.020
AIRPOT,1642571546444,1642571546451,4,1642571546451,-0.129,0.607,-0.784,-0.011,0.054,0.047
AIRPOT,1642571546445,1642571546452,4,1642571546452,-0.125,0.608,-0.784,-0.014,0.100,0.033
AIRPOT,1642571546451,1642571546458,4,1642571546458,-0.121,0.607,-0.785,-0.003,0.052,0.032
AIRPOT,1642571546477,1642571546484,4,1642571546484,-0.117,0.604,-0.788,0.019,0.082,0.044
AIRPOT,1642571546497,1642571546504,4,1642571546504,-0.111,0.600,-0.792,0.002,0.043,0.102
AIRPOT,1642571546498,1642571546505,4,1642571546505,-0.106,0.596,-0.796,-0.010,0.000,0.005
AIRPOT,1642571546511,1642571546518,4,1642571546518,-0.092,0.588,-0.803,-0.002,-0.055,-0.103
AIRPOT,1642571546511,1642571546518,4,1642571546518,-0.079,0.584,-0.808,0.003,-0.069,-0.077
AIRPOT,1642571546528,1642571546535,4,1642571546535,-0.063,0.580,-0.812,0.037,-0.048,-0.012
AIRPOT,1642571546611,1642571546618,4,1642571546618,-0.050,0.576,-0.816,0.057,0.005,0.016
AIRPOT,1642571546611,1642571546618,4,1642571546618,-0.039,0.572,-0.819,0.032,0.078,0.057
AIRPOT,1642571546639,1642571546646,4,1642571546646,-0.031,0.568,-0.822,-0.010,0.062,0.060
AIRPOT,1642571546728,1642571546735,4,1642571546735,-0.029,0.566,-0.824,-0.028,0.062,0.010
AIRPOT,1642571546728,1642571546735,4,1642571546735,-0.029,0.563,-0.826,-0.046,0.137,0.027
AIRPOT,1642571546782,1642571546789,4,1642571546789,-0.031,0.556,-0.830,-0.008,0.188,-0.016
AIRPOT,1642571546833,1642571546840,4,1642571546840,-0.029,0.549,-0.836,-0.017,0.230,0.045
AIRPOT,1642571546884,1642571546891,4,1642571546891,-0.025,0.537,-0.844,0.034,0.155,0.022
AIRPOT,1642571546887,1642571546894,4,1642571546894,-0.018,0.516,-0.856,0.009,0.114,0.087
AIRPOT,1642571546947,1642571546954,4,1642571546954,-0.010,0.492,-0.871,-0.017,0.057,0.128
AIRPOT,1642571547028,1642571547035,4,1642571547035,-0.004,0.474,-0.880,-0.051,0.034,0.157
AIRPOT,1642571547080,1642571547087,4,1642571547087,0.007,0.457,-0.889,-0.082,-0.019,0.210
AIRPOT,1642571547170,1642571547177,4,1642571547177,0.020,0.440,-0.898,-0.068,-0.002,0.180
AIRPOT,1642571547186,1642571547193,4,1642571547193,0.043,0.428,-0.903,-0.068,-0.115,0.223
AIRPOT,1642571547283,1642571547290,4,1642571547290,0.065,0.413,-0.909,0.116,-0.261,-0.058
AIRPOT,1642571547284,1642571547291,4,1642571547291,0.098,0.403,-0.910,0.151,-0.207,-0.113
AIRPOT,1642571547413,1642571547420,4,1642571547420,0.134,0.400,-0.907,0.177,-0.209,0.015
AIRPOT,1642571547413,1642571547420,4,1642571547420,0.167,0.392,-0.905,0.149,-0.257,0.178
AIRPOT,1642571547469,1642571547476,4,1642571547476,0.185,0.379,-0.907,0.228,-0.349,-0.041
AIRPOT,1642571547470,1642571547477,4,1642571547477,0.214,0.359,-0.908,0.300,-0.391,0.124
AIRPOT,1642571547522,1642571547529,4,1642571547529,0.241,0.331,-0.913,0.198,-0.232,0.208
AIRPOT,1642571547530,1642571547537,4,1642571547537,0.260,0.297,-0.919,0.192,-0.227,0.221
AIRPOT,1642571547530,1642571547537,4,1642571547537,0.272,0.277,-0.922,0.214,0.121,-0.189
AIRPOT,1642571547581,1642571547588,4,1642571547588,0.285,0.281,-0.917,0.187,-0.047,-0.182
AIRPOT,1642571547582,1642571547589,4,1642571547589,0.287,0.287,-0.914,0.031,0.172,-0.116
AIRPOT,1642571547721,1642571547728,4,1642571547728,0.274,0.276,-0.921,0.040,0.088,-0.165
AIRPOT,1642571547722,1642571547729,4,1642571547729,0.261,0.256,-0.931,0.003,0.131,-0.117
AIRPOT,1642571547771,1642571547778,4,1642571547778,0.243,0.250,-0.937,-0.035,0.064,-0.052
AIRPOT,1642571547771,1642571547778,4,1642571547778,0.221,0.244,-0.944,-0.000,0.065,-0.067
AIRPOT,1642571547883,1642571547890,4,1642571547890,0.202,0.239,-0.950,0.017,0.086,-0.040
AIRPOT,1642571547884,1642571547891,4,1642571547891,0.189,0.244,-0.951,-0.032,0.138,0.183
AIRPOT,1642571547932,1642571547939,4,1642571547939,0.170,0.247,-0.954,-0.036,0.039,0.185
AIRPOT,1642571547933,1642571547940,4,1642571547940,0.156,0.247,-0.956,-0.058,-0.004,0.088
AIRPOT,1642571547943,1642571547950,4,1642571547950,0.144,0.243,-0.959,-0.104,-0.137,0.043
AIRPOT,1642571547949,1642571547956,4,1642571547956,0.128,0.238,-0.963,-0.082,-0.087,-0.087
AIRPOT,1642571547989,1642571547996,4,1642571547996,0.113,0.237,-0.965,-0.041,-0.144,-0.137
AIRPOT,1642571548100,1642571548107,4,1642571548107,0.095,0.236,-0.967,-0.030,-0.159,-0.174
AIRPOT,1642571548101,1642571548108,4,1642571548108,0.072,0.235,-0.969,-0.033,-0.281,-0.190
AIRPOT,1642571548110,1642571548117,4,1642571548117,0.039,0.231,-0.972,-0.131,-0.407,-0.107
AIRPOT,1642571548205,1642571548212,4,1642571548212,-0.013,0.219,-0.976,-0.234,-0.389,-0.026
AIRPOT,1642571548206,1642571548213,4,1642571548213,-0.075,0.203,-0.976,-0.232,-0.321,-0.138
AIRPOT,1642571548223,1642571548230,4,1642571548230,-0.122,0.179,-0.976,-0.340,-0.161,-0.009
AIRPOT,1642571548249,1642571548256,4,1642571548256,-0.151,0.153,-0.977,-0.292,-0.207,-0.145
AIRPOT,1642571548299,1642571548306,4,1642571548306,-0.151,0.110,-0.982,-0.373,-0.193,0.017
AIRPOT,1642571548404,1642571548411,4,1642571548411,-0.140,0.058,-0.988,-0.319,0.128,-0.000
AIRPOT,1642571548405,1642571548412,4,1642571548412,-0.122,0.024,-0.992,-0.165,0.183,-0.065
AIRPOT,1642571548469,1642571548476,4,1642571548476,-0.092,-0.003,-0.996,-0.090,0.382,-0.001
AIRPOT,1642571548470,1642571548477,4,1642571548477,-0.061,-0.019,-0.998,0.001,0.280,-0.033
AIRPOT,1642571548622,1642571548629,4,1642571548629,-0.031,-0.031,-0.999,0.053,0.188,-0.015
AIRPOT,1642571548623,1642571548630,4,1642571548630,-0.008,-0.039,-0.999,0.070,0.170,0.059
AIRPOT,1642571548637,1642571548644,4,1642571548644,0.002,-0.044,-0.999,0.081,0.166,0.034
AIRPOT,1642571548637,1642571548644,4,1642571548644,0.002,-0.043,-0.999,-0.017,0.425,0.073
AIRPOT,1642571548695,1642571548702,4,1642571548702,-0.010,-0.041,-0.999,-0.064,0.379,0.056
AIRPOT,1642571548742,1642571548749,4,1642571548749,-0.021,-0.034,-0.999,-0.157,0.281,0.008
AIRPOT,1642571548743,1642571548750,4,1642571548750,-0.026,-0.030,-0.999,0.016,-0.077,-0.045
AIRPOT,1642571548835,1642571548842,4,1642571548842,-0.018,-0.040,-0.999,0.026,-0.066,0.095
AIRPOT,1642571548836,1642571548843,4,1642571548843,-0.019,-0.048,-0.999,0.093,-0.040,0.005
AIRPOT,1642571548853,1642571548860,4,1642571548860,-0.018,-0.058,-0.998,0.112,-0.096,0.058
AIRPOT,1642571548894,1642571548901,4,1642571548901,-0.020,-0.063,-0.998,0.118,-0.058,-0.066
AIRPOT,1642571548978,1642571548985,4,1642571548985,-0.013,-0.065,-0.998,0.083,-0.071,0.040
AIRPOT,1642571549026,1642571549033,4,1642571549033,-0.010,-0.063,-0.998,0.006,-0.034,0.059
AIRPOT,1642571549027,1642571549034,4,1642571549034,-0.009,-0.065,-0.998,-0.044,-0.129,-0.035
AIRPOT,1642571549076,1642571549083,4,1642571549083,-0.010,-0.080,-0.997,-0.104,-0.209,-0.012
AIRPOT,1642571549203,1642571549210,4,1642571549210,-0.016,-0.104,-0.994,-0.132,-0.158,0.085
AIRPOT,1642571549203,1642571549210,4,1642571549210,-0.037,-0.124,-0.992,-0.113,-0.087,-0.070
AIRPOT,1642571549270,1642571549277,4,1642571549277,-0.057,-0.125,-0.991,-0.070,0.048,-0.138
AIRPOT,1642571549330,1642571549337,4,1642571549337,-0.071,-0.109,-0.991,-0.005,0.011,-0.252
AIRPOT,1642571549330,1642571549337,4,1642571549337,-0.077,-0.106,-0.991,0.038,-0.062,-0.174
AIRPOT,1642571549389,1642571549396,4,1642571549396,-0.079,-0.108,-0.991,0.056,-0.039,0.064
AIRPOT,1642571549390,1642571549397,4,1642571549397,-0.082,-0.110,-0.991,0.068,-0.052,0.188
AIRPOT,1642571549395,1642571549402,4,1642571549402,-0.087,-0.111,-0.990,0.052,-0.080,0.234
AIRPOT,1642571549447,1642571549454,4,1642571549454,-0.089,-0.108,-0.990,0.023,-0.013,0.411
AIRPOT,1642571549448,1642571549455,4,1642571549455,-0.092,-0.096,-0.991,0.028,-0.008,0.350
AIRPOT,1642571549520,1642571549527,4,1642571549527,-0.099,-0.078,-0.992,0.076,-0.012,0.039
AIRPOT,1642571549629,1642571549636,4,1642571549636,-0.115,-0.052,-0.992,0.079,0.110,-0.990
AIRPOT,1642571549704,1642571549711,4,1642571549711,-0.097,-0.020,-0.995,0.117,0.027,-0.571
AIRPOT,1642571549705,1642571549712,4,1642571549712,-0.070,-0.019,-0.997,0.049,0.036,0.003
AIRPOT,1642571549773,1642571549780,4,1642571549780,-0.061,-0.021,-0.998,-0.051,-0.030,0.329
AIRPOT,1642571549773,1642571549780,4,1642571549780,-0.064,-0.023,-0.998,0.006,-0.059,0.379
AIRPOT,1642571549833,1642571549840,4,1642571549840,-0.063,-0.020,-0.998,-0.026,0.019,0.576
AIRPOT,1642571549833,1642571549840,4,1642571549840,-0.067,-0.014,-0.998,0.049,-0.053,0.416
AIRPOT,1642571549893,1642571549900,4,1642571549900,-0.068,-0.013,-0.998,0.055,-0.072,0.125
AIRPOT,1642571549962,1642571549969,4,1642571549969,-0.083,0.001,-0.997,0.090,0.213,-1.153
AIRPOT,1642571549963,1642571549970,4,1642571549970,-0.075,0.020,-0.997,0.098,-0.006,-0.235
AIRPOT,1642571550077,1642571550084,4,1642571550084,-0.071,0.002,-0.997,0.009,-0.075,0.137
AIRPOT,1642571550078,1642571550085,4,1642571550085,-0.080,-0.019,-0.997,-0.016,0.014,0.303
AIRPOT,1642571550122,1642571550129,4,1642571550129,-0.096,-0.011,-0.995,-0.006,0.057,-0.039
AIRPOT,1642571550190,1642571550197,4,1642571550197,-0.104,0.000,-0.995,0.013,-0.089,-0.099
AIRPOT,1642571550190,1642571550197,4,1642571550197,-0.106,-0.010,-0.994,0.016,-0.027,-0.054
AIRPOT,1642571550230,1642571550237,4,1642571550237,-0.107,-0.019,-0.994,0.010,-0.009,0.021
AIRPOT,1642571550280,1642571550287,4,1642571550287,-0.107,-0.022,-0.994,0.025,0.009,-0.069
AIRPOT,1642571550311,1642571550318,4,1642571550318,-0.105,-0.026,-0.994,0.047,0.009,-0.067
AIRPOT,1642571550312,1642571550319,4,1642571550319,-0.099,-0.030,-0.995,0.055,0.010,0.011
AIRPOT,1642571550406,1642571550413,4,1642571550413,-0.095,-0.032,-0.995,0.062,-0.017,-0.014
AIRPOT,1642571550406,1642571550413,4,1642571550413,-0.087,-0.033,-0.996,0.059,0.012,-0.047
AIRPOT,1642571550456,1642571550463,4,1642571550463,-0.079,-0.038,-0.996,-0.019,0.049,0.079
AIRPOT,1642571550492,1642571550499,4,1642571550499,-0.079,-0.047,-0.996,-0.008,0.053,0.014
AIRPOT,1642571550524,1642571550531,4,1642571550531,-0.081,-0.053,-0.995,0.032,0.069,-0.034
AIRPOT,1642571550525,1642571550532,4,1642571550532,-0.077,-0.058,-0.995,0.069,0.045,-0.055
AIRPOT,1642571550526,1642571550533,4,1642571550533,-0.071,-0.063,-0.996,0.000,0.013,0.036
AIRPOT,1642571550623,1642571550630,4,1642571550630,-0.070,-0.067,-0.995,0.010,-0.028,0.042
AIRPOT,1642571550623,1642571550630,4,1642571550630,-0.074,-0.072,-0.995,0.019,-0.005,0.005
AIRPOT,1642571550725,1642571550732,4,1642571550732,-0.080,-0.075,-0.994,0.005,0.017,-0.050
AIRPOT,1642571550725,1642571550732,4,1642571550732,-0.080,-0.071,-0.994,-0.002,-0.025,0.026
AIRPOT,1642571550762,1642571550769,4,1642571550769,-0.079,-0.066,-0.995,0.019,-0.059,0.010
AIRPOT,1642571550812,1642571550819,4,1642571550819,-0.074,-0.062,-0.995,0.019,-0.039,0.042
AIRPOT,1642571550953,1642571550960,4,1642571550960,-0.067,-0.064,-0.996,0.011,-0.037,-0.005
AIRPOT,1642571550958,1642571550965,4,1642571550965,-0.066,-0.070,-0.995,-0.007,0.006,0.047
AIRPOT,1642571551013,1642571551020,4,1642571551020,-0.064,-0.074,-0.995,0.013,-0.047,-0.031
AIRPOT,1642571551064,1642571551071,4,1642571551071,-0.061,-0.078,-0.995,0.064,-0.031,-0.081
AIRPOT,1642571551184,1642571551191,4,1642571551191,-0.054,-0.081,-0.995,0.006,-0.012,0.080
AIRPOT,1642571551185,1642571551192,4,1642571551192,-0.054,-0.084,-0.995,0.047,-0.027,0.009
AIRPOT,1642571551252,1642571551259,4,1642571551259,-0.055,-0.085,-0.995,0.032,0.003,-0.009
AIRPOT,1642571551253,1642571551260,4,1642571551260,-0.056,-0.089,-0.994,-0.006,0.052,0.064
AIRPOT,1642571551372,1642571551379,4,1642571551379,-0.063,-0.095,-0.993,-0.028,-0.010,-0.048
AIRPOT,1642571551420,1642571551427,4,1642571551427,-0.058,-0.095,-0.994,0.046,-0.092,0.014
AIRPOT,1642571551461,1642571551468,4,1642571551468,-0.056,-0.097,-0.994,-0.022,0.095,0.059
AIRPOT,1642571551478,1642571551485,4,1642571551485,-0.053,-0.095,-0.994,0.091,-0.014,-0.034
AIRPOT,1642571551479,1642571551486,4,1642571551486,-0.055,-0.100,-0.993,-0.028,0.066,0.040
AIRPOT,1642571551526,1642571551533,4,1642571551533,-0.054,-0.105,-0.993,-0.002,0.023,0.046
AIRPOT,1642571551561,1642571551568,4,1642571551568,-0.056,-0.114,-0.992,-0.007,0.026,-0.063
AIRPOT,1642571551612,1642571551619,4,1642571551619,-0.056,-0.122,-0.991,0.043,-0.040,-0.020
AIRPOT,1642571551662,1642571551669,4,1642571551669,-0.055,-0.136,-0.989,-0.001,0.035,0.016
AIRPOT,1642571551728,1642571551735,4,1642571551735,-0.057,-0.145,-0.988,0.032,-0.075,-0.053
AIRPOT,1642571551729,1642571551736,4,1642571551736,-0.053,-0.164,-0.985,-0.012,0.028,0.099
AIRPOT,1642571551811,1642571551818,4,1642571551818,-0.059,-0.173,-0.983,0.042,0.014,-0.088
AIRPOT,1642571551812,1642571551819,4,1642571551819,-0.057,-0.200,-0.978,-0.055,0.073,0.094
AIRPOT,1642571551873,1642571551880,4,1642571551880,-0.060,-0.221,-0.973,-0.001,-0.056,-0.079
AIRPOT,1642571551873,1642571551880,4,1642571551880,-0.059,-0.240,-0.969,-0.030,-0.160,0.075
AIRPOT,1642571551928,1642571551935,4,1642571551935,-0.061,-0.244,-0.968,0.043,0.035,0.007
AIRPOT,1642571551931,1642571551938,4,1642571551938,-0.063,-0.259,-0.964,-0.008,0.012,0.073
AIRPOT,1642571551931,1642571551938,4,1642571551938,-0.065,-0.259,-0.964,0.002,-0.007,0.006
AIRPOT,1642571551938,1642571551945,4,1642571551945,-0.066,-0.265,-0.962,-0.017,-0.055,-0.003
AIRPOT,1642571551938,1642571551945,4,1642571551945,-0.062,-0.271,-0.961,0.059,0.066,0.021
AIRPOT,1642571552033,1642571552040,4,1642571552040,-0.063,-0.276,-0.959,-0.024,-0.138,0.032
AIRPOT,1642571552033,1642571552040,4,1642571552040,-0.063,-0.279,-0.958,-0.002,0.073,0.019
AIRPOT,1642571552096,1642571552103,4,1642571552103,-0.063,-0.287,-0.956,0.027,-0.053,0.008
AIRPOT,1642571552190,1642571552197,4,1642571552197,-0.065,-0.291,-0.955,0.048,0.077,0.006
AIRPOT,1642571552264,1642571552271,4,1642571552271,-0.065,-0.294,-0.954,-0.001,-0.037,-0.025
AIRPOT,1642571552265,1642571552272,4,1642571552272,-0.065,-0.296,-0.953,-0.005,0.016,-0.023
AIRPOT,1642571552321,1642571552328,4,1642571552328,-0.059,-0.300,-0.952,-0.009,0.010,0.058
AIRPOT,1642571552323,1642571552330,4,1642571552330,-0.062,-0.303,-0.951,0.047,-0.049,-0.027
AIRPOT,1642571552383,1642571552390,4,1642571552390,-0.057,-0.300,-0.952,0.011,0.048,0.006
AIRPOT,1642571552383,1642571552390,4,1642571552390,-0.062,-0.300,-0.952,-0.001,-0.091,-0.007
AIRPOT,1642571552435,1642571552442,4,1642571552442,-0.068,-0.300,-0.951,-0.022,0.008,0.014
AIRPOT,1642571552436,1642571552443,4,1642571552443,-0.070,-0.307,-0.949,-0.055,0.076,0.113
AIRPOT,1642571552485,1642571552492,4,1642571552492,-0.081,-0.301,-0.950,-0.112,-0.161,-0.076
AIRPOT,1642571552584,1642571552591,4,1642571552591,-0.072,-0.309,-0.948,-0.013,0.321,0.135
AIRPOT,1642571552586,1642571552593,4,1642571552593,-0.082,-0.302,-0.950,0.094,-0.220,-0.089
AIRPOT,1642571552630,1642571552637,4,1642571552637,-0.081,-0.304,-0.949,0.114,0.113,-0.197
AIRPOT,1642571552719,1642571552726,4,1642571552726,-0.068,-0.298,-0.952,0.007,-0.096,0.244
AIRPOT,1642571552720,1642571552727,4,1642571552727,-0.081,-0.299,-0.951,-0.006,0.039,-0.214
AIRPOT,1642571552784,1642571552791,4,1642571552791,-0.071,-0.301,-0.951,-0.063,0.040,0.234
AIRPOT,1642571552785,1642571552792,4,1642571552792,-0.083,-0.298,-0.951,-0.005,-0.087,-0.250
AIRPOT,1642571552983,1642571552990,4,1642571552990,-0.072,-0.303,-0.950,-0.005,0.126,0.192
AIRPOT,1642571552983,1642571552990,4,1642571552990,-0.079,-0.299,-0.951,-0.010,-0.090,-0.120
AIRPOT,1642571553125,1642571553132,4,1642571553132,-0.071,-0.304,-0.950,-0.033,0.028,0.111
AIRPOT,1642571553127,1642571553134,4,1642571553134,-0.069,-0.302,-0.951,0.055,-0.074,-0.021
AIRPOT,1642571553275,1642571553282,4,1642571553282,-0.072,-0.301,-0.951,0.022,0.005,-0.045
AIRPOT,1642571553309,1642571553316,4,1642571553316,-0.068,-0.302,-0.951,-0.034,0.014,0.074
AIRPOT,1642571553517,1642571553524,4,1642571553524,-0.072,-0.300,-0.951,0.030,-0.003,-0.039
AIRPOT,1642571553606,1642571553613,4,1642571553613,-0.069,-0.301,-0.951,-0.044,-0.020,-0.004
AIRPOT,1642571553719,1642571553726,4,1642571553726,-0.070,-0.304,-0.950,-0.011,0.024,0.035
AIRPOT,1642571553786,1642571553793,4,1642571553793,-0.081,-0.303,-0.950,-0.026,-0.021,0.019
AIRPOT,1642571553969,1642571553976,4,1642571553976,-0.091,-0.296,-0.951,-0.048,0.003,-0.014
AIRPOT,1642571553969,1642571553976,4,1642571553976,-0.097,-0.277,-0.956,-0.076,-0.151,-0.021
AIRPOT,1642571554007,1642571554014,4,1642571554014,-0.093,-0.273,-0.958,-0.021,-0.028,-0.126
AIRPOT,1642571554051,1642571554058,4,1642571554058,-0.084,-0.281,-0.956,-0.101,0.267,0.252
AIRPOT,1642571554095,1642571554102,4,1642571554102,-0.088,-0.271,-0.958,0.034,-0.356,-0.083
AIRPOT,1642571554153,1642571554160,4,1642571554160,-0.082,-0.260,-0.962,0.017,0.334,-0.018
AIRPOT,1642571554186,1642571554193,4,1642571554193,-0.083,-0.260,-0.962,-0.003,-0.069,-0.012
AIRPOT,1642571554186,1642571554193,4,1642571554193,-0.063,-0.237,-0.970,-0.052,-0.171,0.042
AIRPOT,1642571554186,1642571554193,4,1642571554193,-0.060,-0.225,-0.973,-0.000,0.142,-0.130
AIRPOT,1642571554191,1642571554198,4,1642571554198,-0.047,-0.221,-0.974,0.040,-0.129,-0.034
AIRPOT,1642571554191,1642571554198,4,1642571554198,-0.041,-0.213,-0.976,0.002,0.016,0.051
AIRPOT,1642571554195,1642571554202,4,1642571554202,-0.034,-0.216,-0.976,0.030,-0.072,0.033
AIRPOT,1642571554197,1642571554204,4,1642571554204,-0.033,-0.210,-0.977,0.058,0.003,-0.039
AIRPOT,1642571554288,1642571554295,4,1642571554295,-0.031,-0.210,-0.977,-0.083,0.110,0.106
AIRPOT,1642571554388,1642571554395,4,1642571554395,-0.029,-0.211,-0.977,-0.003,-0.111,0.013
AIRPOT,1642571554389,1642571554396,4,1642571554396,-0.029,-0.204,-0.979,0.007,0.057,-0.074
AIRPOT,1642571554454,1642571554461,4,1642571554461,-0.028,-0.209,-0.977,-0.005,-0.080,0.070
AIRPOT,1642571554514,1642571554521,4,1642571554521,-0.032,-0.208,-0.978,0.025,-0.065,-0.047
AIRPOT,1642571554572,1642571554579,4,1642571554579,-0.027,-0.209,-0.977,-0.039,0.090,0.015
AIRPOT,1642571554672,1642571554679,4,1642571554679,-0.028,-0.209,-0.977,0.014,-0.044,-0.069
AIRPOT,1642571554672,1642571554679,4,1642571554679,-0.025,-0.212,-0.977,0.012,0.075,0.090
AIRPOT,1642571554738,1642571554745,4,1642571554745,-0.025,-0.208,-0.978,-0.003,0.018,0.005
AIRPOT,1642571554740,1642571554747,4,1642571554747,-0.029,-0.208,-0.978,0.037,-0.103,-0.005
AIRPOT,1642571554793,1642571554800,4,1642571554800,-0.024,-0.206,-0.978,-0.050,0.025,0.024
AIRPOT,1642571554859,1642571554866,4,1642571554866,-0.023,-0.208,-0.978,0.052,0.005,-0.032
AIRPOT,1642571554860,1642571554867,4,1642571554867,-0.026,-0.211,-0.977,0.014,0.036,0.041
AIRPOT,1642571555077,1642571555084,4,1642571555084,-0.035,-0.211,-0.977,0.004,-0.004,-0.021
AIRPOT,1642571555079,1642571555086,4,1642571555086,-0.041,-0.216,-0.976,-0.016,0.026,-0.045
AIRPOT,1642571555174,1642571555181,4,1642571555181,-0.045,-0.220,-0.974,0.014,-0.094,-0.036
AIRPOT,1642571555261,1642571555268,4,1642571555268,-0.050,-0.230,-0.972,-0.029,0.089,0.014
AIRPOT,1642571555262,1642571555269,4,1642571555269,-0.054,-0.243,-0.969,-0.005,-0.102,-0.024
AIRPOT,1642571555309,1642571555316,4,1642571555316,-0.053,-0.251,-0.966,-0.015,-0.000,-0.059
AIRPOT,1642571555506,1642571555513,4,1642571555513,-0.041,-0.262,-0.964,-0.013,-0.018,0.047
AIRPOT,1642571555507,1642571555514,4,1642571555514,-0.029,-0.274,-0.961,-0.021,0.014,0.006
AIRPOT,1642571555603,1642571555610,4,1642571555610,-0.036,-0.273,-0.961,-0.014,-0.062,-0.014
AIRPOT,1642571555610,1642571555617,4,1642571555617,-0.033,-0.277,-0.960,-0.058,0.057,0.097
AIRPOT,1642571555652,1642571555659,4,1642571555659,-0.044,-0.272,-0.961,0.007,-0.097,-0.168
AIRPOT,1642571555853,1642571555860,4,1642571555860,-0.033,-0.272,-0.962,0.123,0.052,0.033
AIRPOT,1642571555854,1642571555861,4,1642571555861,-0.041,-0.271,-0.962,0.090,0.056,0.057
AIRPOT,1642571555965,1642571555972,4,1642571555972,-0.047,-0.271,-0.962,-0.062,0.062,0.054
AIRPOT,1642571556016,1642571556023,4,1642571556023,-0.047,-0.268,-0.962,0.027,-0.066,0.068
AIRPOT,1642571556041,1642571556048,4,1642571556048,-0.045,-0.267,-0.963,-0.015,0.108,0.177
AIRPOT,1642571556177,1642571556184,4,1642571556184,-0.059,-0.263,-0.963,-0.026,-0.042,-0.124
AIRPOT,1642571556178,1642571556185,4,1642571556185,-0.050,-0.262,-0.964,-0.052,0.105,0.123
AIRPOT,1642571556319,1642571556326,4,1642571556326,-0.055,-0.265,-0.963,0.096,-0.020,0.011
AIRPOT,1642571556384,1642571556391,4,1642571556391,-0.058,-0.260,-0.964,-0.062,0.078,0.242
AIRPOT,1642571556385,1642571556392,4,1642571556392,-0.078,-0.256,-0.963,0.039,-0.165,-0.319
AIRPOT,1642571556432,1642571556439,4,1642571556439,-0.059,-0.256,-0.965,0.021,0.067,0.296
AIRPOT,1642571556480,1642571556487,4,1642571556487,-0.091,-0.248,-0.965,-0.052,-0.217,-0.061
AIRPOT,1642571556480,1642571556487,4,1642571556487,-0.088,-0.245,-0.966,0.016,0.089,-0.129
AIRPOT,1642571556548,1642571556555,4,1642571556555,-0.086,-0.252,-0.964,-0.003,0.134,-0.016
AIRPOT,1642571556603,1642571556610,4,1642571556610,-0.088,-0.257,-0.962,0.016,0.170,0.108
AIRPOT,1642571556645,1642571556652,4,1642571556652,-0.087,-0.256,-0.963,-0.042,-0.312,0.059
AIRPOT,1642571556755,1642571556762,4,1642571556762,-0.097,-0.254,-0.962,0.105,0.134,-0.193
AIRPOT,1642571556869,1642571556876,4,1642571556876,-0.092,-0.263,-0.960,-0.110,-0.121,0.100
AIRPOT,1642571556870,1642571556877,4,1642571556877,-0.096,-0.263,-0.960,0.097,0.048,-0.112
AIRPOT,1642571556946,1642571556953,4,1642571556953,-0.095,-0.263,-0.960,-0.013,-0.002,-0.021
AIRPOT,1642571556946,1642571556953,4,1642571556953,-0.093,-0.267,-0.959,0.004,-0.083,0.044
AIRPOT,1642571557058,1642571557065,4,1642571557065,-0.085,-0.271,-0.959,-0.107,0.120,0.259
AIRPOT,1642571557064,1642571557071,4,1642571557071,-0.095,-0.263,-0.960,0.075,-0.248,-0.185
AIRPOT,1642571557065,1642571557072,4,1642571557072,-0.089,-0.258,-0.962,-0.033,0.127,0.009
AIRPOT,1642571557152,1642571557159,4,1642571557159,-0.091,-0.260,-0.961,-0.025,-0.118,0.015
AIRPOT,1642571557202,1642571557209,4,1642571557209,-0.094,-0.258,-0.962,0.051,0.021,-0.016
AIRPOT,1642571557272,1642571557279,4,1642571557279,-0.092,-0.258,-0.962,-0.037,0.101,0.033
AIRPOT,1642571557273,1642571557280,4,1642571557280,-0.093,-0.259,-0.961,0.047,-0.082,-0.005
AIRPOT,1642571557374,1642571557381,4,1642571557381,-0.099,-0.256,-0.962,-0.004,-0.036,0.021
AIRPOT,1642571557497,1642571557504,4,1642571557504,-0.108,-0.257,-0.960,0.033,0.007,-0.006
AIRPOT,1642571557498,1642571557505,4,1642571557505,-0.118,-0.264,-0.957,-0.028,-0.017,-0.019
AIRPOT,1642571557598,1642571557605,4,1642571557605,-0.118,-0.268,-0.956,-0.046,-0.043,-0.024
AIRPOT,1642571557599,1642571557606,4,1642571557606,-0.112,-0.271,-0.956,0.005,0.033,0.033
AIRPOT,1642571557654,1642571557661,4,1642571557661,-0.112,-0.275,-0.955,0.028,-0.067,-0.069
AIRPOT,1642571557655,1642571557662,4,1642571557662,-0.106,-0.277,-0.955,0.042,0.025,0.025
AIRPOT,1642571557765,1642571557772,4,1642571557772,-0.095,-0.281,-0.955,-0.047,0.011,0.010
AIRPOT,1642571557766,1642571557773,4,1642571557773,-0.089,-0.282,-0.955,0.008,0.016,0.065
AIRPOT,1642571557771,1642571557778,4,1642571557778,-0.081,-0.284,-0.955,-0.018,-0.033,-0.004
AIRPOT,1642571557928,1642571557935,4,1642571557935,-0.073,-0.283,-0.956,0.010,-0.008,0.027
AIRPOT,1642571557976,1642571557983,4,1642571557983,-0.072,-0.282,-0.957,-0.025,0.015,-0.011
AIRPOT,1642571558039,1642571558046,4,1642571558046,-0.068,-0.280,-0.958,0.033,0.012,-0.053
AIRPOT,1642571558040,1642571558047,4,1642571558047,-0.072,-0.284,-0.956,-0.077,0.022,0.069
AIRPOT,1642571558157,1642571558164,4,1642571558164,-0.069,-0.280,-0.958,0.028,0.055,0.018
AIRPOT,1642571558160,1642571558167,4,1642571558167,-0.073,-0.275,-0.959,-0.069,0.073,0.158
AIRPOT,1642571558302,1642571558309,4,1642571558309,-0.079,-0.265,-0.961,0.012,0.056,0.107
AIRPOT,1642571558303,1642571558310,4,1642571558310,-0.083,-0.263,-0.961,0.109,0.016,-0.085
AIRPOT,1642571558309,1642571558316,4,1642571558316,-0.076,-0.260,-0.963,-0.058,0.101,-0.013
AIRPOT,1642571558311,1642571558318,4,1642571558318,-0.075,-0.256,-0.964,0.035,-0.057,-0.115
AIRPOT,1642571558372,1642571558379,4,1642571558379,-0.081,-0.257,-0.963,-0.002,-0.218,-0.179
AIRPOT,1642571558372,1642571558379,4,1642571558379,-0.068,-0.260,-0.963,-0.016,0.116,0.106
AIRPOT,1642571558403,1642571558410,4,1642571558410,-0.082,-0.261,-0.962,-0.010,-0.057,-0.062
AIRPOT,1642571558403,1642571558410,4,1642571558410,-0.083,-0.269,-0.959,-0.046,-0.007,0.034
AIRPOT,1642571558409,1642571558416,4,1642571558416,-0.084,-0.273,-0.958,-0.000,0.052,0.140
AIRPOT,1642571558410,1642571558417,4,1642571558417,-0.096,-0.270,-0.958,-0.073,0.006,0.044
AIRPOT,1642571558501,1642571558508,4,1642571558508,-0.098,-0.259,-0.961,0.162,-0.028,-0.239
AIRPOT,1642571558501,1642571558508,4,1642571558508,-0.099,-0.257,-0.961,-0.070,0.040,0.142
AIRPOT,1642571558511,1642571558518,4,1642571558518,-0.099,-0.260,-0.961,0.037,-0.064,-0.177
AIRPOT,1642571558610,1642571558617,4,1642571558617,-0.089,-0.264,-0.960,-0.137,0.192,0.398
AIRPOT,1642571558611,1642571558618,4,1642571558618,-0.098,-0.262,-0.960,0.006,-0.209,-0.078
AIRPOT,1642571558689,1642571558696,4,1642571558696,-0.096,-0.265,-0.960,-0.022,0.197,0.139
AIRPOT,1642571558802,1642571558809,4,1642571558809,-0.094,-0.261,-0.961,0.112,-0.242,-0.122
AIRPOT,1642571558909,1642571558916,4,1642571558916,-0.098,-0.261,-0.960,-0.007,0.200,-0.012
AIRPOT,1642571558969,1642571558976,4,1642571558976,-0.092,-0.253,-0.963,-0.036,0.077,0.038
AIRPOT,1642571558970,1642571558977,4,1642571558977,-0.095,-0.250,-0.964,-0.016,-0.001,-0.037
AIRPOT,1642571559054,1642571559061,4,1642571559061,-0.093,-0.243,-0.966,0.048,0.066,-0.048
AIRPOT,1642571559054,1642571559061,4,1642571559061,-0.095,-0.241,-0.966,0.017,0.057,-0.034
AIRPOT,1642571559103,1642571559110,4,1642571559110,-0.093,-0.240,-0.966,-0.073,0.052,0.037
AIRPOT,1642571559104,1642571559111,4,1642571559111,-0.096,-0.238,-0.966,-0.050,-0.053,0.038
AIRPOT,1642571559112,1642571559119,4,1642571559119,-0.090,-0.233,-0.968,-0.003,-0.019,-0.019
AIRPOT,1642571559113,1642571559120,4,1642571559120,-0.091,-0.234,-0.968,0.098,-0.035,-0.119
AIRPOT,1642571559161,1642571559168,4,1642571559168,-0.086,-0.232,-0.969,-0.043,-0.029,0.097
AIRPOT,1642571559162,1642571559169,4,1642571559169,-0.089,-0.227,-0.970,0.025,0.000,-0.149
AIRPOT,1642571559168,1642571559175,4,1642571559175,-0.082,-0.224,-0.971,-0.017,-0.088,0.129
AIRPOT,1642571559228,1642571559235,4,1642571559235,-0.085,-0.222,-0.971,0.046,0.114,-0.095
AIRPOT,1642571559229,1642571559236,4,1642571559236,-0.085,-0.222,-0.971,0.013,-0.041,0.005
AIRPOT,1642571559311,1642571559318,4,1642571559318,-0.085,-0.220,-0.972,-0.010,0.048,0.002
AIRPOT,1642571559313,1642571559320,4,1642571559320,-0.085,-0.221,-0.972,-0.005,-0.052,-0.012
AIRPOT,1642571559373,1642571559380,4,1642571559380,-0.086,-0.223,-0.971,0.042,0.087,0.036
AIRPOT,1642571559423,1642571559430,4,1642571559430,-0.092,-0.230,-0.969,-0.021,0.023,-0.032
AIRPOT,1642571559527,1642571559534,4,1642571559534,-0.098,-0.239,-0.966,0.006,-0.076,-0.055
AIRPOT,1642571559527,1642571559534,4,1642571559534,-0.098,-0.251,-0.963,-0.034,0.036,0.004
AIRPOT,1642571559539,1642571559546,4,1642571559546,-0.090,-0.256,-0.963,0.037,-0.161,-0.027
AIRPOT,1642571559659,1642571559666,4,1642571559666,-0.082,-0.264,-0.961,0.047,0.077,0.051
AIRPOT,1642571559660,1642571559667,4,1642571559667,-0.078,-0.267,-0.961,0.006,-0.128,0.032
AIRPOT,1642571559673,1642571559680,4,1642571559680,-0.076,-0.271,-0.960,0.017,0.098,-0.040
AIRPOT,1642571559674,1642571559681,4,1642571559681,-0.068,-0.272,-0.960,-0.045,-0.106,0.029
AIRPOT,1642571559721,1642571559728,4,1642571559728,-0.067,-0.272,-0.960,0.024,0.025,-0.063
AIRPOT,1642571559769,1642571559776,4,1642571559776,-0.061,-0.275,-0.960,-0.030,0.054,0.070
AIRPOT,1642571559800,1642571559807,4,1642571559807,-0.064,-0.273,-0.960,-0.010,-0.111,-0.036
AIRPOT,1642571559856,1642571559863,4,1642571559863,-0.058,-0.272,-0.960,0.032,0.075,0.010
AIRPOT,1642571559906,1642571559913,4,1642571559913,-0.062,-0.267,-0.962,-0.028,-0.061,-0.009
AIRPOT,1642571559956,1642571559963,4,1642571559963,-0.062,-0.264,-0.963,0.060,0.075,-0.000
AIRPOT,1642571559957,1642571559964,4,1642571559964,-0.067,-0.259,-0.964,-0.058,-0.055,0.022
AIRPOT,1642571560068,1642571560075,4,1642571560075,-0.067,-0.257,-0.964,0.062,0.145,-0.054
AIRPOT,1642571560074,1642571560081,4,1642571560081,-0.078,-0.254,-0.964,-0.080,-0.212,0.046
AIRPOT,1642571560118,1642571560125,4,1642571560125,-0.071,-0.256,-0.964,0.154,0.135,-0.067
AIRPOT,1642571560131,1642571560138,4,1642571560138,-0.079,-0.254,-0.964,0.001,-0.043,0.063
AIRPOT,1642571560181,1642571560188,4,1642571560188,-0.079,-0.251,-0.965,0.025,-0.101,-0.103
AIRPOT,1642571560393,1642571560400,4,1642571560400,-0.087,-0.251,-0.964,0.004,0.019,-0.072
AIRPOT,1642571560393,1642571560400,4,1642571560400,-0.088,-0.251,-0.964,0.035,-0.037,-0.026
AIRPOT,1642571560441,1642571560448,4,1642571560448,-0.093,-0.254,-0.963,0.106,0.054,-0.063
AIRPOT,1642571560615,1642571560622,4,1642571560622,-0.096,-0.254,-0.963,-0.033,-0.101,-0.006
AIRPOT,1642571560616,1642571560623,4,1642571560623,-0.099,-0.253,-0.962,-0.033,-0.024,-0.147
AIRPOT,1642571560619,1642571560626,4,1642571560626,-0.089,-0.261,-0.961,-0.044,0.209,0.314
AIRPOT,1642571560626,1642571560633,4,1642571560633,-0.110,-0.257,-0.960,0.094,-0.227,-0.116
AIRPOT,1642571560626,1642571560633,4,1642571560633,-0.112,-0.258,-0.960,-0.120,0.078,0.170
AIRPOT,1642571560725,1642571560732,4,1642571560732,-0.122,-0.253,-0.960,0.043,-0.178,-0.119
AIRPOT,1642571560726,1642571560733,4,1642571560733,-0.115,-0.249,-0.962,0.032,0.075,-0.118
AIRPOT,1642571560864,1642571560871,4,1642571560871,-0.111,-0.255,-0.961,0.111,-0.097,-0.010
AIRPOT,1642571560865,1642571560872,4,1642571560872,-0.102,-0.259,-0.961,-0.051,0.121,0.370
AIRPOT,1642571560893,1642571560900,4,1642571560900,-0.128,-0.256,-0.958,-0.008,-0.055,-0.194
AIRPOT,1642571560894,1642571560901,4,1642571560901,-0.124,-0.257,-0.958,-0.084,-0.114,0.049
AIRPOT,1642571560897,1642571560904,4,1642571560904,-0.124,-0.255,-0.959,0.028,0.018,-0.133
AIRPOT,1642571560901,1642571560908,4,1642571560908,-0.112,-0.257,-0.960,-0.001,0.039,0.152
AIRPOT,1642571560902,1642571560909,4,1642571560909,-0.113,-0.259,-0.959,0.024,-0.038,-0.042
AIRPOT,1642571560954,1642571560961,4,1642571560961,-0.109,-0.256,-0.960,0.033,-0.054,0.045
AIRPOT,1642571560961,1642571560968,4,1642571560968,-0.112,-0.258,-0.960,-0.074,-0.033,-0.053
AIRPOT,1642571560961,1642571560968,4,1642571560968,-0.106,-0.256,-0.961,0.043,0.014,-0.028
AIRPOT,1642571560996,1642571561003,4,1642571561003,-0.102,-0.258,-0.961,0.007,-0.046,-0.030
AIRPOT,1642571561043,1642571561050,4,1642571561050,-0.098,-0.256,-0.962,0.104,-0.031,-0.085
AIRPOT,1642571561154,1642571561161,4,1642571561161,-0.093,-0.258,-0.962,-0.046,0.130,0.040
AIRPOT,1642571561155,1642571561162,4,1642571561162,-0.095,-0.256,-0.962,-0.019,-0.047,0.006
AIRPOT,1642571561201,1642571561208,4,1642571561208,-0.094,-0.253,-0.963,-0.000,0.077,-0.037
AIRPOT,1642571561202,1642571561209,4,1642571561209,-0.090,-0.253,-0.963,0.055,-0.223,-0.029
AIRPOT,1642571561302,1642571561309,4,1642571561309,-0.083,-0.251,-0.964,0.028,0.198,0.052
AIRPOT,1642571561302,1642571561309,4,1642571561309,-0.087,-0.250,-0.964,0.019,-0.084,-0.072
AIRPOT,1642571561313,1642571561320,4,1642571561320,-0.083,-0.249,-0.965,-0.017,0.019,0.029
AIRPOT,1642571561406,1642571561413,4,1642571561413,-0.079,-0.252,-0.964,0.010,-0.080,-0.027
AIRPOT,1642571561412,1642571561419,4,1642571561419,-0.076,-0.252,-0.965,0.016,0.050,0.024
AIRPOT,1642571561461,1642571561468,4,1642571561468,-0.073,-0.258,-0.963,-0.005,0.003,0.023
AIRPOT,1642571561511,1642571561518,4,1642571561518,-0.072,-0.258,-0.963,0.014,-0.034,-0.056
AIRPOT,1642571561554,1642571561561,4,1642571561561,-0.067,-0.263,-0.962,-0.021,-0.006,0.022
AIRPOT,1642571561555,1642571561562,4,1642571561562,-0.063,-0.263,-0.963,0.005,-0.013,-0.011
AIRPOT,1642571561607,1642571561614,4,1642571561614,-0.062,-0.266,-0.962,0.037,-0.061,-0.009
AIRPOT,1642571561645,1642571561652,4,1642571561652,-0.060,-0.268,-0.961,0.041,0.012,0.005
AIRPOT,1642571561695,1642571561702,4,1642571561702,-0.057,-0.267,-0.962,0.008,-0.042,-0.020
AIRPOT,1642571561754,1642571561761,4,1642571561761,-0.051,-0.270,-0.961,0.020,0.000,0.066
AIRPOT,1642571561796,1642571561803,4,1642571561803,-0.049,-0.268,-0.962,0.018,-0.022,-0.061
AIRPOT,1642571561796,1642571561803,4,1642571561803,-0.046,-0.267,-0.962,0.052,0.031,0.049
AIRPOT,1642571561947,1642571561954,4,1642571561954,-0.045,-0.259,-0.965,-0.085,-0.052,0.009
AIRPOT,1642571561947,1642571561954,4,1642571561954,-0.047,-0.260,-0.964,0.077,-0.063,-0.126
AIRPOT,1642571561951,1642571561958,4,1642571561958,-0.041,-0.258,-0.965,0.073,0.145,-0.025
AIRPOT,1642571561952,1642571561959,4,1642571561959,-0.047,-0.258,-0.965,-0.191,-0.230,0.008
AIRPOT,1642571562054,1642571562061,4,1642571562061,-0.040,-0.258,-0.965,0.010,0.075,-0.009
AIRPOT,1642571562055,1642571562062,4,1642571562062,-0.037,-0.259,-0.965,0.086,-0.000,0.073
AIRPOT,1642571562121,1642571562128,4,1642571562128,-0.036,-0.256,-0.966,0.092,0.103,0.005
AIRPOT,1642571562123,1642571562130,4,1642571562130,-0.040,-0.255,-0.966,0.021,-0.112,-0.021
AIRPOT,1642571562158,1642571562165,4,1642571562165,-0.035,-0.249,-0.968,0.021,-0.003,-0.027
AIRPOT,1642571562214,1642571562221,4,1642571562221,-0.034,-0.249,-0.968,0.049,0.006,-0.000
AIRPOT,1642571562281,1642571562288,4,1642571562288,-0.036,-0.246,-0.969,-0.088,0.026,0.022
AIRPOT,1642571562281,1642571562288,4,1642571562288,-0.035,-0.246,-0.969,-0.013,0.062,-0.002
AIRPOT,1642571562353,1642571562360,4,1642571562360,-0.038,-0.244,-0.969,0.021,-0.104,-0.062
AIRPOT,1642571562447,1642571562454,4,1642571562454,-0.039,-0.246,-0.969,0.040,-0.042,-0.071
AIRPOT,1642571562449,1642571562456,4,1642571562456,-0.039,-0.249,-0.968,-0.046,0.148,0.154
AIRPOT,1642571562453,1642571562460,4,1642571562460,-0.058,-0.251,-0.966,-0.030,-0.162,-0.213
AIRPOT,1642571562504,1642571562511,4,1642571562511,-0.050,-0.260,-0.964,-0.127,0.212,0.380
AIRPOT,1642571562551,1642571562558,4,1642571562558,-0.055,-0.253,-0.966,0.098,-0.075,0.022
AIRPOT,1642571562554,1642571562561,4,1642571562561,-0.057,-0.241,-0.969,0.039,-0.023,-0.059
AIRPOT,1642571562652,1642571562659,4,1642571562659,-0.061,-0.235,-0.970,0.040,-0.147,-0.138
AIRPOT,1642571562652,1642571562659,4,1642571562659,-0.062,-0.235,-0.970,-0.044,0.238,0.066
AIRPOT,1642571562708,1642571562715,4,1642571562715,-0.072,-0.242,-0.968,-0.022,-0.159,-0.034
AIRPOT,1642571562867,1642571562874,4,1642571562874,-0.069,-0.245,-0.967,0.002,-0.023,0.067
AIRPOT,1642571562870,1642571562877,4,1642571562877,-0.072,-0.245,-0.967,0.034,-0.011,-0.063
AIRPOT,1642571562900,1642571562907,4,1642571562907,-0.072,-0.249,-0.966,0.053,-0.069,-0.026
AIRPOT,1642571562953,1642571562960,4,1642571562960,-0.071,-0.248,-0.966,-0.004,0.036,0.023
AIRPOT,1642571563002,1642571563009,4,1642571563009,-0.068,-0.249,-0.966,-0.031,0.092,0.114
AIRPOT,1642571563051,1642571563058,4,1642571563058,-0.074,-0.246,-0.967,0.025,-0.090,-0.155
AIRPOT,1642571563052,1642571563059,4,1642571563059,-0.071,-0.245,-0.967,-0.043,0.057,0.078
AIRPOT,1642571563101,1642571563108,4,1642571563108,-0.078,-0.243,-0.967,0.010,-0.039,-0.103
AIRPOT,1642571563102,1642571563109,4,1642571563109,-0.074,-0.241,-0.968,0.035,-0.042,-0.011
AIRPOT,1642571563157,1642571563164,4,1642571563164,-0.072,-0.243,-0.967,0.006,-0.026,0.107
AIRPOT,1642571563158,1642571563165,4,1642571563165,-0.079,-0.240,-0.967,0.030,-0.059,-0.069
AIRPOT,1642571563189,1642571563196,4,1642571563196,-0.080,-0.239,-0.968,-0.023,-0.012,-0.022
AIRPOT,1642571563196,1642571563203,4,1642571563203,-0.079,-0.241,-0.967,0.028,-0.021,-0.013
AIRPOT,1642571563345,1642571563352,4,1642571563352,-0.080,-0.239,-0.968,-0.052,0.006,0.007
AIRPOT,1642571563445,1642571563452,4,1642571563452,-0.073,-0.243,-0.967,0.031,-0.043,0.073
AIRPOT,1642571563452,1642571563459,4,1642571563459,-0.073,-0.237,-0.969,0.092,0.025,-0.082
AIRPOT,1642571563505,1642571563512,4,1642571563512,-0.072,-0.235,-0.969,-0.032,-0.010,0.059
AIRPOT,1642571563537,1642571563544,4,1642571563544,-0.077,-0.227,-0.971,0.009,-0.090,-0.058
AIRPOT,1642571563626,1642571563633,4,1642571563633,-0.077,-0.222,-0.972,-0.033,0.133,0.011
AIRPOT,1642571563630,1642571563637,4,1642571563637,-0.079,-0.214,-0.974,0.003,-0.109,-0.024
AIRPOT,1642571563630,1642571563637,4,1642571563637,-0.080,-0.211,-0.974,0.048,0.072,0.041
AIRPOT,1642571563638,1642571563645,4,1642571563645,-0.081,-0.199,-0.977,0.008,-0.062,-0.027
AIRPOT,1642571563638,1642571563645,4,1642571563645,-0.080,-0.191,-0.978,-0.010,-0.028,0.075
AIRPOT,1642571563730,1642571563737,4,1642571563737,-0.083,-0.188,-0.979,0.026,-0.014,-0.050
AIRPOT,1642571563779,1642571563786,4,1642571563786,-0.084,-0.179,-0.980,0.025,0.002,-0.156
AIRPOT,1642571563780,1642571563787,4,1642571563787,-0.090,-0.187,-0.978,-0.038,0.084,0.058
AIRPOT,1642571563854,1642571563861,4,1642571563861,-0.094,-0.176,-0.980,-0.043,0.070,0.025
AIRPOT,1642571563904,1642571563911,4,1642571563911,-0.095,-0.177,-0.980,-0.050,-0.041,0.009
AIRPOT,1642571563954,1642571563961,4,1642571563961,-0.093,-0.181,-0.979,0.076,-0.158,-0.027
AIRPOT,1642571563955,1642571563962,4,1642571563962,-0.091,-0.194,-0.977,0.016,-0.086,0.029
AIRPOT,1642571564004,1642571564011,4,1642571564011,-0.089,-0.218,-0.972,-0.021,0.038,-0.061
AIRPOT,1642571564004,1642571564011,4,1642571564011,-0.077,-0.242,-0.967,-0.057,0.021,0.046
AIRPOT,1642571564005,1642571564012,4,1642571564012,-0.066,-0.261,-0.963,-0.044,0.112,0.031
AIRPOT,1642571564113,1642571564120,4,1642571564120,-0.063,-0.264,-0.963,0.014,0.042,-0.022
AIRPOT,1642571564114,1642571564121,4,1642571564121,-0.056,-0.266,-0.962,0.002,0.105,0.043
AIRPOT,1642571564141,1642571564148,4,1642571564148,-0.059,-0.270,-0.961,0.026,0.037,-0.041
AIRPOT,1642571564322,1642571564329,4,1642571564329,-0.056,-0.276,-0.960,0.004,-0.007,-0.000
AIRPOT,1642571564359,1642571564366,4,1642571564366,-0.055,-0.285,-0.957,-0.015,0.072,0.023
AIRPOT,1642571564409,1642571564416,4,1642571564416,-0.055,-0.287,-0.956,-0.000,-0.014,-0.014
AIRPOT,1642571564410,1642571564417,4,1642571564417,-0.056,-0.290,-0.955,-0.000,-0.023,-0.001
AIRPOT,1642571564465,1642571564472,4,1642571564472,-0.057,-0.294,-0.954,0.011,0.005,0.007
AIRPOT,1642571564466,1642571564473,4,1642571564473,-0.061,-0.298,-0.953,0.003,-0.013,0.017
AIRPOT,1642571564522,1642571564529,4,1642571564529,-0.063,-0.302,-0.951,0.001,-0.016,0.028
AIRPOT,1642571564525,1642571564532,4,1642571564532,-0.067,-0.303,-0.951,0.004,0.005,0.013
AIRPOT,1642571564526,1642571564533,4,1642571564533,-0.071,-0.299,-0.951,0.009,-0.032,0.020
AIRPOT,1642571564528,1642571564535,4,1642571564535,-0.074,-0.291,-0.954,-0.003,-0.019,0.002
AIRPOT,1642571564577,1642571564584,4,1642571564584,-0.078,-0.277,-0.958,0.002,-0.070,-0.001
AIRPOT,1642571564629,1642571564636,4,1642571564636,-0.081,-0.256,-0.963,0.004,-0.068,0.005
AIRPOT,1642571564758,1642571564765,4,1642571564765,-0.084,-0.227,-0.970,-0.003,-0.074,0.033
AIRPOT,1642571564758,1642571564765,4,1642571564765,-0.088,-0.188,-0.978,-0.021,-0.029,0.017
AIRPOT,1642571564783,1642571564790,4,1642571564790,-0.088,-0.143,-0.986,-0.017,-0.047,-0.007
AIRPOT,1642571564985,1642571564992,4,1642571564992,-0.083,-0.101,-0.991,-0.036,-0.013,0.010
AIRPOT,1642571564986,1642571564993,4,1642571564993,-0.077,-0.063,-0.995,-0.042,0.023,0.002
AIRPOT,1642571565159,1642571565166,4,1642571565166,-0.068,-0.027,-0.997,-0.019,0.022,-0.020
AIRPOT,1642571565160,1642571565167,4,1642571565167,-0.056,0.003,-0.998,-0.013,-0.012,-0.015
AIRPOT,1642571565162,1642571565169,4,1642571565169,-0.046,0.023,-0.999,0.002,0.022,0.003
AIRPOT,1642571565165,1642571565172,4,1642571565172,-0.038,0.036,-0.999,0.015,-0.000,-0.026
AIRPOT,1642571565226,1642571565233,4,1642571565233,-0.030,0.047,-0.998,0.011,-0.018,0.005
AIRPOT,1642571565226,1642571565233,4,1642571565233,-0.024,0.057,-0.998,0.035,-0.029,-0.025
AIRPOT,1642571565426,1642571565433,4,1642571565433,0.005,0.087,-0.996,0.013,-0.014,0.026
AIRPOT,1642571565427,1642571565434,4,1642571565434,0.007,0.100,-0.995,0.004,-0.079,-0.008
AIRPOT,1642571565475,1642571565482,4,1642571565482,0.008,0.119,-0.993,-0.034,-0.173,-0.000
AIRPOT,1642571565536,1642571565543,4,1642571565543,0.005,0.145,-0.989,-0.044,-0.170,0.041
AIRPOT,1642571565543,1642571565550,4,1642571565550,-0.007,0.174,-0.985,-0.033,-0.058,0.041
AIRPOT,1642571565687,1642571565694,4,1642571565694,-0.022,0.206,-0.978,-0.051,0.002,0.061
AIRPOT,1642571565688,1642571565695,4,1642571565695,-0.042,0.239,-0.970,-0.058,0.110,0.031
AIRPOT,1642571565810,1642571565817,4,1642571565817,-0.062,0.268,-0.962,-0.025,0.179,-0.006
AIRPOT,1642571565963,1642571565970,4,1642571565970,-0.073,0.285,-0.956,0.010,0.144,-0.006
AIRPOT,1642571565993,1642571566000,4,1642571566000,-0.076,0.293,-0.953,0.022,0.146,0.003
AIRPOT,1642571566194,1642571566201,4,1642571566201,-0.074,0.298,-0.952,0.011,0.108,0.040
AIRPOT,1642571566194,1642571566201,4,1642571566201,-0.074,0.303,-0.950,0.034,0.038,0.003
AIRPOT,1642571566315,1642571566322,4,1642571566322,-0.090,0.328,-0.940,-0.011,-0.092,-0.029
AIRPOT,1642571566387,1642571566394,4,1642571566394,-0.094,0.334,-0.938,-0.027,-0.079,-0.022
AIRPOT,1642571566396,1642571566403,4,1642571566403,-0.101,0.358,-0.928,-0.059,-0.116,-0.028
AIRPOT,1642571566415,1642571566422,4,1642571566422,-0.097,0.354,-0.930,-0.074,-0.017,-0.008
AIRPOT,1642571566419,1642571566426,4,1642571566426,0.041,0.226,-0.973,0.003,-0.192,0.005
AIRPOT,1642571566419,1642571566426,4,1642571566426,0.063,0.193,-0.979,0.168,-0.022,-0.148
AIRPOT,1642571566430,1642571566437,4,1642571566437,0.081,0.199,-0.977,0.175,0.159,-0.154
AIRPOT,1642571566563,1642571566570,4,1642571566570,0.072,0.221,-0.973,0.176,0.126,-0.199
AIRPOT,1642571566573,1642571566580,4,1642571566580,0.062,0.243,-0.968,0.197,0.091,-0.258
AIRPOT,1642571566649,1642571566656,4,1642571566656,0.054,0.260,-0.964,0.166,0.077,-0.189
AIRPOT,1642571566649,1642571566656,4,1642571566656,0.043,0.276,-0.960,0.124,0.063,-0.100
AIRPOT,1642571566672,1642571566679,4,1642571566679,0.026,0.300,-0.953,0.101,0.015,-0.039
AIRPOT,1642571566672,1642571566679,4,1642571566679,0.007,0.333,-0.943,0.087,-0.012,0.049
AIRPOT,1642571566800,1642571566807,4,1642571566807,-0.015,0.364,-0.931,0.102,0.025,0.130
AIRPOT,1642571566800,1642571566807,4,1642571566807,-0.034,0.395,-0.918,0.102,0.044,0.263
AIRPOT,1642571566937,1642571566944,4,1642571566944,-0.053,0.417,-0.907,0.127,-0.005,0.287
AIRPOT,1642571566982,1642571566989,4,1642571566989,-0.076,0.433,-0.898,0.065,0.107,0.247
AIRPOT,1642571566984,1642571566991,4,1642571566991,-0.101,0.450,-0.887,-0.007,0.074,0.151
AIRPOT,1642571567199,1642571567206,4,1642571567206,-0.121,0.463,-0.878,-0.052,0.037,0.050
AIRPOT,1642571567226,1642571567233,4,1642571567233,-0.135,0.478,-0.868,-0.098,0.011,0.085
AIRPOT,1642571567273,1642571567280,4,1642571567280,-0.146,0.490,-0.859,-0.119,-0.036,0.060
AIRPOT,1642571567340,1642571567347,4,1642571567347,-0.149,0.496,-0.855,-0.113,-0.075,0.054
AIRPOT,1642571567342,1642571567349,4,1642571567349,-0.150,0.501,-0.852,-0.110,-0.077,0.044
AIRPOT,1642571567476,1642571567483,4,1642571567483,-0.147,0.509,-0.848,-0.119,-0.125,0.068
AIRPOT,1642571567477,1642571567484,4,1642571567484,-0.142,0.519,-0.843,-0.123,-0.109,0.063
AIRPOT,1642571567525,1642571567532,4,1642571567532,-0.074,0.596,-0.799,-0.069,0.003,-0.097
AIRPOT,1642571567683,1642571567690,4,1642571567690,-0.054,0.615,-0.787,-0.007,-0.022,-0.141
AIRPOT,1642571567684,1642571567691,4,1642571567691,-0.030,0.626,-0.779,0.060,-0.059,0.018
AIRPOT,1642571567736,1642571567743,4,1642571567743,-0.007,0.634,-0.773,0.142,0.011,-0.042
AIRPOT,1642571567736,1642571567743,4,1642571567743,0.016,0.646,-0.763,0.159,0.048,0.032
AIRPOT,1642571567741,1642571567748,4,1642571567748,0.065,0.678,-0.732,0.162,0.046,0.068
AIRPOT,1642571567742,1642571567749,4,1642571567749,0.077,0.679,-0.730,0.129,0.015,0.060
AIRPOT,1642571567791,1642571567798,4,1642571567798,0.107,0.677,-0.728,0.063,-0.052,-0.009
AIRPOT,1642571567804,1642571567811,4,1642571567811,0.111,0.677,-0.728,0.054,-0.059,-0.030
AIRPOT,1642571567805,1642571567812,4,1642571567812,0.113,0.677,-0.727,0.042,-0.045,-0.012
AIRPOT,1642571567886,1642571567893,4,1642571567893,0.113,0.677,-0.728,0.042,-0.040,0.003
AIRPOT,1642571568028,1642571568035,4,1642571568035,0.114,0.676,-0.728,0.022,-0.006,0.032
AIRPOT,1642571568029,1642571568036,4,1642571568036,0.115,0.679,-0.725,0.009,0.026,0.017
AIRPOT,1642571568091,1642571568098,4,1642571568098,0.117,0.684,-0.720,0.016,0.018,-0.015
AIRPOT,1642571568091,1642571568098,4,1642571568098,0.120,0.688,-0.715,-0.004,0.047,-0.013
AIRPOT,1642571568174,1642571568181,4,1642571568181,0.122,0.692,-0.712,-0.005,0.005,-0.037
AIRPOT,1642571568223,1642571568230,4,1642571568230,0.124,0.692,-0.711,0.008,-0.026,0.001
AIRPOT,1642571568224,1642571568231,4,1642571568231,0.125,0.690,-0.713,0.027,-0.025,0.010
AIRPOT,1642571568239,1642571568246,4,1642571568246,0.126,0.690,-0.713,0.029,-0.040,0.025
AIRPOT,1642571568239,1642571568246,4,1642571568246,0.127,0.691,-0.711,0.038,-0.022,0.032
AIRPOT,1642571568247,1642571568254,4,1642571568254,0.128,0.695,-0.707,0.044,-0.002,0.003
AIRPOT,1642571568256,1642571568263,4,1642571568263,0.129,0.700,-0.702,0.045,-0.003,0.008
AIRPOT,1642571568305,1642571568312,4,1642571568312,0.130,0.704,-0.698,0.034,0.037,0.019
AIRPOT,1642571568436,1642571568443,4,1642571568443,0.131,0.707,-0.695,0.045,0.005,0.017
AIRPOT,1642571568436,1642571568443,4,1642571568443,0.133,0.707,-0.695,0.036,0.004,0.039
AIRPOT,1642571568464,1642571568471,4,1642571568471,0.130,0.707,-0.695,0.044,-0.002,0.051
AIRPOT,1642571568510,1642571568517,4,1642571568517,0.124,0.707,-0.696,0.047,0.024,0.051
AIRPOT,1642571568511,1642571568518,4,1642571568518,0.115,0.706,-0.699,0.041,0.027,0.034
AIRPOT,1642571568577,1642571568584,4,1642571568584,0.101,0.704,-0.703,0.028,0.029,-0.022
AIRPOT,1642571568578,1642571568585,4,1642571568585,0.087,0.703,-0.706,0.007,0.044,0.006
AIRPOT,1642571568638,1642571568645,4,1642571568645,0.072,0.702,-0.708,-0.029,0.033,0.057
AIRPOT,1642571568739,1642571568746,4,1642571568746,0.055,0.701,-0.711,-0.050,-0.022,0.030
AIRPOT,1642571568739,1642571568746,4,1642571568746,0.037,0.697,-0.716,-0.035,-0.072,0.010
AIRPOT,1642571568755,1642571568762,4,1642571568762,0.019,0.691,-0.723,-0.057,-0.054,-0.004
AIRPOT,1642571568769,1642571568776,4,1642571568776,0.000,0.685,-0.728,-0.090,0.024,-0.023
AIRPOT,1642571568899,1642571568906,4,1642571568906,-0.016,0.683,-0.731,-0.077,0.018,-0.007
AIRPOT,1642571568900,1642571568907,4,1642571568907,-0.029,0.678,-0.734,-0.112,-0.008,0.011
AIRPOT,1642571568907,1642571568914,4,1642571568914,-0.038,0.668,-0.743,-0.132,-0.018,-0.047
AIRPOT,1642571569037,1642571569044,4,1642571569044,-0.047,0.658,-0.752,-0.137,0.028,-0.103
AIRPOT,1642571569037,1642571569044,4,1642571569044,-0.050,0.652,-0.756,-0.120,0.012,-0.080
AIRPOT,1642571569109,1642571569116,4,1642571569116,-0.047,0.649,-0.760,-0.128,-0.008,-0.016
AIRPOT,1642571569216,1642571569223,4,1642571569223,-0.044,0.643,-0.765,-0.114,-0.040,0.024
AIRPOT,1642571569217,1642571569224,4,1642571569224,-0.041,0.634,-0.773,-0.115,-0.036,0.023
AIRPOT,1642571569277,1642571569284,4,1642571569284,-0.038,0.625,-0.780,-0.109,-0.044,-0.015
AIRPOT,1642571569278,1642571569285,4,1642571569285,-0.033,0.618,-0.785,-0.108,-0.053,-0.013
AIRPOT,1642571569284,1642571569291,4,1642571569291,-0.028,0.614,-0.789,-0.102,-0.047,-0.014
AIRPOT,1642571569289,1642571569296,4,1642571569296,-0.024,0.612,-0.791,-0.097,-0.051,-0.046
AIRPOT,1642571569344,1642571569351,4,1642571569351,-0.021,0.611,-0.792,-0.076,-0.050,-0.113
AIRPOT,1642571569429,1642571569436,4,1642571569436,-0.013,0.610,-0.792,-0.059,-0.061,-0.028
AIRPOT,1642571569430,1642571569437,4,1642571569437,-0.005,0.612,-0.791,-0.047,-0.035,0.027
AIRPOT,1642571569542,1642571569549,4,1642571569549,0.001,0.614,-0.790,-0.026,-0.047,0.020
AIRPOT,1642571569543,1642571569550,4,1642571569550,0.009,0.615,-0.789,-0.025,-0.014,0.006
AIRPOT,1642571569591,1642571569598,4,1642571569598,0.015,0.618,-0.786,-0.009,0.007,0.004
AIRPOT,1642571569592,1642571569599,4,1642571569599,0.020,0.622,-0.783,0.010,0.011,0.021
AIRPOT,1642571569708,1642571569715,4,1642571569715,0.025,0.625,-0.780,0.031,0.009,0.025
AIRPOT,1642571569775,1642571569782,4,1642571569782,0.029,0.627,-0.778,0.037,0.044,0.027
AIRPOT,1642571569776,1642571569783,4,1642571569783,0.034,0.629,-0.776,0.039,0.036,0.034
AIRPOT,1642571569792,1642571569799,4,1642571569799,0.038,0.632,-0.774,0.059,0.048,0.013
AIRPOT,1642571569792,1642571569799,4,1642571569799,0.043,0.635,-0.771,0.062,0.049,0.020
AIRPOT,1642571569836,1642571569843,4,1642571569843,0.048,0.636,-0.770,0.060,0.037,0.034
AIRPOT,1642571569943,1642571569950,4,1642571569950,0.054,0.635,-0.770,0.054,0.026,0.044
AIRPOT,1642571569943,1642571569950,4,1642571569950,0.060,0.635,-0.770,0.057,0.010,0.031
AIRPOT,1642571570000,1642571570007,4,1642571570007,0.067,0.635,-0.770,0.056,0.012,0.018
AIRPOT,1642571570017,1642571570024,4,1642571570024,0.075,0.634,-0.770,0.059,0.009,0.016
AIRPOT,1642571570017,1642571570024,4,1642571570024,0.084,0.631,-0.771,0.061,0.002,0.003
AIRPOT,1642571570113,1642571570120,4,1642571570120,0.092,0.628,-0.773,0.057,-0.007,-0.008
AIRPOT,1642571570178,1642571570185,4,1642571570185,0.102,0.623,-0.776,0.060,-0.030,-0.010
AIRPOT,1642571570293,1642571570300,4,1642571570300,0.108,0.618,-0.778,0.054,-0.018,-0.001
AIRPOT,1642571570311,1642571570318,4,1642571570318,0.113,0.614,-0.781,0.049,-0.025,0.009
AIRPOT,1642571570325,1642571570332,4,1642571570332,0.116,0.611,-0.783,0.041,-0.023,0.003
AIRPOT,1642571570431,1642571570438,4,1642571570438,0.118,0.610,-0.783,0.031,-0.021,0.004
AIRPOT,1642571570496,1642571570503,4,1642571570503,0.119,0.610,-0.784,0.032,-0.020,-0.000
AIRPOT,1642571570610,1642571570617,4,1642571570617,0.120,0.609,-0.784,0.021,-0.006,0.003
